customer_id,customer_name,email,registration_date,customer_type
CUST0001,Brian Yang,johnsonjoshua@example.org,2025-11-13,REGULAR
CUST0002,Jonathan Johnson,garzaanthony@example.org,2024-05-23,REGULAR
CUST0003,Abigail Shaffer,lrobinson@example.com,2026-07-08,VIP
CUST0004,Gabrielle Davis,jpeterson@example.org,2023-12-17,VIP
CUST0005,Kimberly Dudley,melanie94@example.org,2025-02-27,REGULAR
CUST0006,Heidi Lee,arnoldmaria@example.net,2023-11-05,REGULAR
CUST0007,Sharon James,stanleykendra@example.org,2025-06-23,REGULAR
CUST0008,Timothy Wong,francisco53@example.net,2026-02-20,VIP
CUST0009,William Bowman,amandasanchez@example.com,2025-12-01,REGULAR
CUST0010,Andrew Stewart,gabriellecameron@example.org,2024-09-07,VIP
CUST0011,Matthew Foster,clarksherri@example.net,2026-04-13,REGULAR
CUST0012,Kimberly Burgess,ithomas@example.org,2025-05-15,PREMIUM
CUST0013,Peter Callahan Jr.,icox@example.net,2024-03-24,REGULAR
CUST0014,Julie King,ycarlson@example.com,2025-11-25,REGULAR
CUST0015,Patricia Peterson,frazierdanny@example.net,2024-10-17,PREMIUM
CUST0016,Deborah Mason,amoore@example.net,2024-04-22,REGULAR
CUST0017,Christina Brooks,harrellkenneth@example.net,2024-03-26,PREMIUM
CUST0018,Sherry Decker,georgetracy@example.org,2024-11-08,PREMIUM
CUST0019,John Jones,brianhumphrey@example.org,2025-10-24,PREMIUM
CUST0020,Joseph Obrien,davidalvarez@example.net,2024-06-13,REGULAR
CUST0021,Jessica Holmes,jenniferross@example.net,2024-01-23,VIP
CUST0022,Leah Smith,jeffreymorgan@example.net,2026-03-26,PREMIUM
CUST0023,David Caldwell,perezrebecca@example.com,2024-06-16,PREMIUM
CUST0024,Richard Aguirre,jenniferkhan@example.net,2024-05-10,VIP
CUST0025,Scott Brown,davisryan@example.com,2026-04-30,PREMIUM
CUST0026,Connor West,brownjessica@example.org,2025-05-05,VIP
CUST0027,Scott Pierce,joshuawright@example.org,2023-10-06,VIP
CUST0028,John Lewis,novaksara@example.org,2025-04-02,PREMIUM
CUST0029,Richard Gibson,martinaaron@example.com,2025-05-07,REGULAR
CUST0030,Lauren Daniels,smoore@example.org,2024-11-18,PREMIUM
CUST0031,Tyler Miller,williamsthomas@example.net,2024-05-03,VIP
CUST0032,Todd Hudson,larsonemma@example.org,2026-01-04,REGULAR
CUST0033,Emily Green,harveyrobert@example.net,2026-05-25,REGULAR
CUST0034,Joyce Hickman,john62@example.net,2023-11-09,VIP
CUST0035,Daniel Baker,ellisyolanda@example.org,2025-01-12,VIP
CUST0036,Joshua Turner,suarezmike@example.org,2026-04-30,VIP
CUST0037,Shawn Baker,contrerasangela@example.net,2024-01-02,VIP
CUST0038,Michael Farrell,josephjacobs@example.net,2025-09-12,PREMIUM
CUST0039,Sandra Williams,dking@example.org,2024-12-19,VIP
CUST0040,Michael Hoffman,danagreen@example.net,2024-01-09,REGULAR
CUST0041,Sandra Aguilar,landryhannah@example.org,2024-03-06,REGULAR
CUST0042,Rebecca Valencia,tanderson@example.com,2025-01-25,REGULAR
CUST0043,Stacey Russell,evelynestrada@example.com,2026-03-10,PREMIUM
CUST0044,Rita Keith,sarayoung@example.org,2023-08-27,REGULAR
CUST0045,Sharon Cochran,jillcook@example.com,2024-09-06,VIP
CUST0046,Courtney Velasquez,kristinrodriguez@example.org,2025-07-04,PREMIUM
CUST0047,Jennifer Ramirez,kevin33@example.org,2023-11-04,PREMIUM
CUST0048,Ms. Teresa Wilson,michael86@example.net,2024-08-28,VIP
CUST0049,Jeffrey Chandler,beverlyterrell@example.org,2024-11-18,PREMIUM
CUST0050,Kenneth Scott,gobrien@example.org,2025-05-27,VIP
CUST0051,Natalie Lambert,meyerlindsay@example.net,2025-02-04,PREMIUM
CUST0052,Mary Martinez,qjones@example.com,2024-10-28,PREMIUM
CUST0053,Cameron Fisher,elizabeth56@example.net,2025-02-27,PREMIUM
CUST0054,Elizabeth Clark,christinaturner@example.net,2026-01-05,REGULAR
CUST0055,Steven Flynn,steven73@example.net,2024-04-08,REGULAR
CUST0056,Robert Potter,campbellelizabeth@example.net,2026-05-30,REGULAR
CUST0057,William Carr,jeffrey32@example.org,2023-11-10,REGULAR
CUST0058,Michael Snyder,operry@example.net,2024-08-02,PREMIUM
CUST0059,Colleen Brock,dianasmith@example.org,2026-07-05,PREMIUM
CUST0060,Robert Contreras,pwilliams@example.org,2025-12-04,PREMIUM
CUST0061,Jessica Meadows,stephanie79@example.net,2025-06-11,VIP
CUST0062,Sara Ramirez,juliawells@example.com,2025-10-06,REGULAR
CUST0063,Dustin Nelson,rsims@example.com,2024-11-27,REGULAR
CUST0064,Daniel Perry,taylorjesse@example.net,2024-12-15,VIP
CUST0065,Randy Shah,nperry@example.com,2023-08-19,VIP
CUST0066,Sarah Ashley,wwoods@example.com,2025-04-30,PREMIUM
CUST0067,George Shelton,tracynelson@example.com,2025-04-08,PREMIUM
CUST0068,Susan Vargas,marycalhoun@,2026-05-14,VIP
CUST0069,David Murphy,millerroy@example.com,2025-06-25,VIP
CUST0070,Bradley Smith,matthew64@example.com,2025-11-03,VIP
CUST0071,Tyler Williams,cookemichael@example.net,2023-09-06,VIP
CUST0072,John Wilson,jamessmith@example.org,2024-06-22,VIP
CUST0073,Lawrence Adkins,xlyons@example.com,2024-01-13,REGULAR
CUST0074,Laura Odonnell,tamirodriguez@example.org,2025-02-22,REGULAR
CUST0075,Sandra Sanchez,mdavid@example.org,2026-07-07,VIP
CUST0076,Hannah Patterson,melissa91@example.net,2025-02-14,VIP
CUST0077,Ashley Yu,huntermatthew@example.com,2026-04-02,REGULAR
CUST0078,Tracie Nelson,bzimmerman@example.org,2025-11-02,PREMIUM
CUST0079,Samuel Rivas,umarshall@example.net,2023-12-01,PREMIUM
CUST0080,Jamie Johnson,nicole37@example.net,2024-12-05,REGULAR
CUST0081,Spencer Haynes,tonykelly@example.com,2024-09-21,REGULAR
CUST0082,Katherine Chang,blackjames@example.org,2026-06-26,PREMIUM
CUST0083,Anna Walker,fbrewer@example.com,2026-06-28,VIP
CUST0084,Hailey Barajas,kevinperkins@example.com,2025-11-20,REGULAR
CUST0085,Bryan Lee,michael74@example.com,2024-01-21,VIP
CUST0086,Vanessa Warren,jamesrodgers@example.com,2024-10-01,VIP
CUST0087,Adrian Ferguson,wallkenneth@example.com,2024-09-18,PREMIUM
CUST0088,Margaret Mullins,mccannangela@example.net,2023-12-26,VIP
CUST0089,Vincent King,andrewstaylor@example.com,2025-07-31,VIP
CUST0090,Melissa Hernandez,shortrichard@example.org,2025-12-10,PREMIUM
CUST0091,Lisa Gibbs,christopher31@example.net,2024-07-04,VIP
CUST0092,Wanda Torres,chayes@example.com,2026-03-10,PREMIUM
CUST0093,Deborah Miller,lynchjody@example.org,2024-07-26,PREMIUM
CUST0094,Kirk Carter,andreamoore@example.com,2024-07-13,REGULAR
CUST0095,Dennis Moody,jasmine71@example.net,2026-01-21,REGULAR
CUST0096,Derek Thomas,ronaldstephens@example.net,2023-10-20,REGULAR
CUST0097,Jessica Harrison,lauralarson@example.net,2024-11-03,REGULAR
CUST0098,Bobby Williams MD,gbender@example.net,2024-12-01,VIP
CUST0099,Yvonne Chambers,anthony39@example.net,2024-09-10,REGULAR
CUST0100,Sydney White,hinesgregory@example.net,2026-01-14,PREMIUM
CUST0101,Jason Morris,fwalters@example.org,2023-12-29,REGULAR
CUST0102,Jennifer Hodges,marksteele@example.com,2023-09-15,PREMIUM
CUST0103,Raymond Hancock,qmiller@example.com,2023-07-21,REGULAR
CUST0104,Peter Garrett,mgutierrez@example.net,2023-10-08,VIP
CUST0105,Michael Martinez,josephanderson@example.com,2026-03-24,REGULAR
CUST0106,Anna Gay,jennifercollins@example.org,2024-01-12,PREMIUM
CUST0107,Dr. Jordan Hill PhD,pvalentine@example.org,2025-07-22,REGULAR
CUST0108,Katie Suarez,stephenthomas@example.org,2023-11-05,PREMIUM
CUST0109,Aaron Barber,kendra65@example.net,2026-01-16,PREMIUM
CUST0110,Mr. Phillip Bennett,cgrimes@example.net,2024-11-30,REGULAR
CUST0111,Reginald Williams,tinaallen@example.com,2025-07-23,VIP
CUST0112,Mrs. Amanda Shaw,qhughes@example.net,2026-01-21,PREMIUM
CUST0113,Alexis Thomas,molly71@example.net,2026-05-02,REGULAR
CUST0114,Michael Santos,charlesharrington@example.com,2024-12-11,REGULAR
CUST0115,Katherine Weaver,ofinley@example.net,2026-03-05,REGULAR
CUST0116,Nicole Hamilton MD,younggabrielle@example.com,2026-03-30,PREMIUM
CUST0117,Robert Carter,wallaceheather@example.org,2025-02-21,REGULAR
CUST0118,Rebecca Jackson,hthomas@example.com,2023-11-19,VIP
CUST0119,Briana Murray,pharvey@example.com,2024-08-17,VIP
CUST0120,Megan Moore,ascott@example.com,2025-06-05,REGULAR
CUST0121,Ryan Gonzalez,vanessa46@example.net,2025-03-08,REGULAR
CUST0122,Edward Lyons,yrodriguez@example.net,2023-08-23,PREMIUM
CUST0123,Valerie Lozano,khill@example.net,2025-08-29,PREMIUM
CUST0124,Connor King,kimberly39@example.com,2026-05-09,REGULAR
CUST0125,Richard Johnson,courtneyberger@example.net,2025-02-05,PREMIUM
CUST0126,Curtis Buchanan,christopherphillips@example.net,2025-02-07,PREMIUM
CUST0127,Gina Wilson,maria47@example.com,2023-11-13,VIP
CUST0128,Veronica Coffey,karenperez@example.net,2025-12-01,VIP
CUST0129,Jordan Chambers,christopher60@example.com,2026-05-29,PREMIUM
CUST0130,Alexander Henson,brenda51@example.net,2025-12-08,PREMIUM
CUST0131,Susan Turner,rose31@example.net,2025-04-14,REGULAR
CUST0132,Audrey Young DDS,taylorsophia@example.com,2025-03-14,VIP
CUST0133,Jennifer Newton,vwatson@example.net,2024-03-16,PREMIUM
CUST0134,Trevor Johnson,fpena@example.net,2025-02-14,VIP
CUST0135,Michael Stephens,scottsampson@example.com,2026-04-16,VIP
CUST0136,Samantha Davis,bruce43@example.org,2024-06-13,VIP
CUST0137,Christine Gallegos,williamsmatthew@example.org,2025-11-26,REGULAR
CUST0138,Charles Lester,brendali@example.org,2023-07-24,REGULAR
CUST0139,Christopher Guerrero,michele22@example.net,2023-08-29,REGULAR
CUST0140,Alexis Baker,alexistyler@example.org,2024-02-01,VIP
CUST0141,Richard Palmer,vfox@example.org,2024-01-05,VIP
CUST0142,Susan Hopkins,ngordon@example.org,2024-10-30,REGULAR
CUST0143,Dr. Jessica Rodriguez DDS,bschneider@example.org,2025-06-08,VIP
CUST0144,Donald Schultz,lammarc@example.org,2025-11-17,PREMIUM
CUST0145,Larry Garcia,oscar98@example.com,2026-07-14,REGULAR
CUST0146,Cindy Hayes,farrelldebra@example.net,2024-07-08,PREMIUM
CUST0147,Brandon Simmons,dmorgan@example.com,2026-05-18,PREMIUM
CUST0148,Bradley Reynolds,nicholas27@example.org,2025-02-17,VIP
CUST0149,Meagan Jenkins,angelawillis@example.net,2026-05-18,PREMIUM
CUST0150,Lindsay Bell,uparrish@example.org,2026-01-02,REGULAR
CUST0151,Justin Wilson,ericolson@,2024-09-24,VIP
CUST0152,Maria Johnson,lindsaybruce@example.net,2026-05-06,REGULAR
CUST0153,Christopher Thomas,anthony44@example.com,2026-05-06,VIP
CUST0154,Anna Moreno,vjones@example.net,2025-02-23,PREMIUM
CUST0155,Frederick Pugh,kchavez@example.com,2026-01-31,REGULAR
CUST0156,Brad Ramos,wareeric@example.net,2025-05-08,REGULAR
CUST0157,Jose Reed,alawson@example.com,2024-01-08,VIP
CUST0158,Amber Foster,erika97@example.net,2026-02-05,VIP
CUST0159,Pamela Roberts,smithkevin@example.org,2024-01-22,VIP
CUST0160,Michael Mason,jimenezryan@example.org,2026-05-22,VIP
CUST0161,Blake Edwards,charles06@example.org,2025-05-16,PREMIUM
CUST0162,Alex Nguyen,amckinney@example.com,2026-03-06,REGULAR
CUST0163,Brian Graham,xcollier@example.org,2025-04-02,REGULAR
CUST0164,Richard Jones,fosterkyle@example.com,2026-03-29,REGULAR
CUST0165,Tyler Brewer,schmidtjames@example.com,2024-03-05,REGULAR
CUST0166,Paige Rios,curtisscott@example.org,2024-04-20,VIP
CUST0167,Thomas Cunningham,kmarshall@example.net,2026-04-01,PREMIUM
CUST0168,Jeremy Turner,michelle52@example.com,2024-09-18,VIP
CUST0169,Anthony Decker,bellcharles@example.com,2023-11-16,VIP
CUST0170,Tiffany Stevenson,gilbertwilliam@example.com,2023-09-21,REGULAR
CUST0171,Larry Mason,kstout@example.net,2023-10-24,PREMIUM
CUST0172,Matthew Williams,vgarcia@example.net,2025-05-30,REGULAR
CUST0173,Thomas Hughes,nwarren@,2024-12-26,VIP
CUST0174,Justin Hughes,mccormickdeborah@example.org,2024-08-14,REGULAR
CUST0175,Emily Douglas,mathewaguilar@example.org,2026-05-13,VIP
CUST0176,James Conner,tanderson@example.org,2024-02-03,VIP
CUST0177,Eric Bean,lucasrodneyexample.com,2024-12-31,VIP
CUST0178,Ryan Garcia,ilee@example.org,2025-11-04,VIP
CUST0179,James Martin,stanleynancy@example.net,2026-06-30,PREMIUM
CUST0180,Cynthia Wallace,jenniferwilliams@example.com,2024-10-04,REGULAR
CUST0181,Rachel Mckee,pyoung@example.com,2024-05-16,REGULAR
CUST0182,Paula Shaw,erika97@example.com,2025-04-30,REGULAR
CUST0183,Amy Castillo,lisasolis@example.org,2025-02-15,REGULAR
CUST0184,Phillip Nelson,dawsonzachary@example.org,2025-09-24,VIP
CUST0185,Stacey Arias,mariahdavis@example.org,2025-04-24,VIP
CUST0186,Jade Johnson DVM,sandersnathaniel@example.com,2026-04-24,PREMIUM
CUST0187,Kaitlyn Guerra,lacey20@example.com,2025-07-17,VIP
CUST0188,Ruben Dunn,fgilbert@example.org,2026-02-19,REGULAR
CUST0189,Anthony Barnes,srodriguez@example.org,2026-03-13,REGULAR
CUST0190,Lynn Andrews,fbrown@example.net,2024-02-28,REGULAR
CUST0191,Chelsea Barnett,ruben95@example.org,2025-10-10,PREMIUM
CUST0192,Katie Smith,carlos88@example.net,2025-07-19,PREMIUM
CUST0193,Heather Jones,reidtina@example.com,2024-07-28,VIP
CUST0194,Harold Morgan,ingramjill@example.com,2026-04-13,PREMIUM
CUST0195,Clarence Taylor,mariacohen@example.net,2025-06-29,VIP
CUST0196,Emily Collins,carterbradley@example.org,2025-03-29,REGULAR
CUST0197,Howard Norman,wking@example.net,2026-05-03,REGULAR
CUST0198,Stephanie Hughes,joshua56@example.com,2024-05-05,PREMIUM
CUST0199,Bradley Coleman,xholt@example.net,2025-05-18,REGULAR
CUST0200,Edward Griffin,amymorris@example.org,2025-05-11,VIP
CUST0201,Susan Mendez,hannahbell@example.org,2025-05-25,PREMIUM
CUST0202,Heidi Owen,danielle01@example.net,2026-06-09,REGULAR
CUST0203,Jessica Martinez,stephaniethomas@example.net,2024-07-20,PREMIUM
CUST0204,Jerry Watson,michael90@example.net,2025-06-08,VIP
CUST0205,Donald Horne,berryalyssa@example.com,2023-08-29,VIP
CUST0206,Reginald Padilla,victorhughes@example.net,2024-06-17,REGULAR
CUST0207,Benjamin Thompson,heather73@example.org,2025-06-10,PREMIUM
CUST0208,Michelle Pierce,cochrantammy@example.com,2024-10-13,PREMIUM
CUST0209,William Conner,melissa25@example.net,2024-07-21,VIP
CUST0210,Robert Arnold,jjohnson@example.net,2026-02-24,VIP
CUST0211,Kelly Hammond,jonesraymond@example.net,2025-12-29,PREMIUM
CUST0212,Michael Cooper,martinezlogan@example.org,2025-11-22,VIP
CUST0213,Amy Martinez,katrinaanderson@example.net,2024-03-13,VIP
CUST0214,Kelly Campbell,fred53@example.com,2023-11-19,REGULAR
CUST0215,Lisa Davis,james84@example.org,2026-04-10,REGULAR
CUST0216,Michelle Jacobs,brittanycarpenter@example.org,2025-12-11,VIP
CUST0217,Patricia Baker,bryananthony@example.org,2024-06-11,VIP
CUST0218,Kimberly May,bmontgomery@example.com,2024-10-31,REGULAR
CUST0219,Jesse Barker,zsanchez@example.net,2024-03-21,REGULAR
CUST0220,Charles Hensley,dperry@example.org,2024-11-27,PREMIUM
CUST0221,Emma Owens,theresa25@example.net,2024-09-07,VIP
CUST0222,James Gilbert,gwright@example.org,2024-08-08,VIP
CUST0223,Phillip Jimenez,lisapeck@example.net,2025-09-26,VIP
CUST0224,Tony Wagner,tjimenez@example.com,2024-07-27,PREMIUM
CUST0225,Stephen Pena MD,brandywilliams@example.com,2025-10-30,VIP
CUST0226,Pamela Diaz,booneryan@example.com,2025-04-02,REGULAR
CUST0227,James Cole,hudsonjames@example.net,2025-11-20,VIP
CUST0228,Brent Brooks,marcia99@example.org,2024-12-27,VIP
CUST0229,Andrew Williams,kari39@example.net,2024-12-18,REGULAR
CUST0230,Brenda Velazquez,jstone@example.net,2024-11-25,PREMIUM
CUST0231,Katie Hicks,phillipjensen@example.com,2025-08-18,REGULAR
CUST0232,Veronica Silva,thomas05@example.com,2026-06-22,REGULAR
CUST0233,Paula Lane,carlsonjoseph@example.net,2023-10-07,VIP
CUST0234,Sarah Hernandez,ojackson@example.net,2026-06-11,PREMIUM
CUST0235,Jeremy Barnes,anthonyvaughan@example.org,2025-04-21,PREMIUM
CUST0236,Nancy Brown,roberthampton@example.com,2024-02-19,VIP
CUST0237,Emily Thompson,annbolton@example.com,2025-10-25,VIP
CUST0238,David Grant,amy49@example.com,2024-07-03,REGULAR
CUST0239,Justin Michael,kellie37@example.com,2024-09-16,VIP
CUST0240,Tina Ballard,david86@example.com,2024-10-13,PREMIUM
CUST0241,Mary Burgess,robertsjennifer@example.com,2024-06-16,REGULAR
CUST0242,Breanna Gilbert,marianelson@example.net,2026-01-16,REGULAR
CUST0243,David Garcia,johnsantiago@example.net,2024-12-14,REGULAR
CUST0244,Joshua Hickman,xgarcia@example.org,2025-04-12,REGULAR
CUST0245,Matthew Velez,mwoods@example.com,2023-12-05,VIP
CUST0246,Carrie Khan,amandasharp@example.org,2024-04-18,REGULAR
CUST0247,Paul Brennan,osbornrandy@example.com,2024-10-11,VIP
CUST0248,Frances Gibson,smithashley@example.org,2026-04-11,VIP
CUST0249,Corey Rodriguez,ismall@example.net,2024-03-28,PREMIUM
CUST0250,George Phillips,twong@example.org,2026-06-01,REGULAR
CUST0251,Kaylee Miller,gregorychase@example.com,2026-05-24,REGULAR
CUST0252,Adriana Reyes,lopezdonald@example.com,2025-06-12,REGULAR
CUST0253,Deborah Ward,stephanie49@example.net,2024-07-21,REGULAR
CUST0254,Jonathan Jacobson,contrerassteven@example.org,2026-07-16,VIP
CUST0255,Tyler Mendoza,hannah45@example.net,2025-06-25,REGULAR
CUST0256,Samantha Gill,robert87@example.net,2026-06-10,REGULAR
CUST0257,Justin Brown,foxallison@example.com,2025-11-16,PREMIUM
CUST0258,Jessica Frazier,ashleyhernandez@example.com,2026-01-10,VIP
CUST0259,Jody Palmer,gdavis@example.com,2025-06-28,PREMIUM
CUST0260,Jennifer Velasquez,hansenemily@example.com,2024-06-22,VIP
CUST0261,Amy Shannon,williamsmelvin@example.org,2025-07-22,PREMIUM
CUST0262,Veronica Brewer,mitchellhector@example.org,2025-05-03,VIP
CUST0263,Michael Stanley,victoria67@example.com,2025-11-03,REGULAR
CUST0264,Jenna Anderson DVM,desireebailey@example.org,2023-07-25,PREMIUM
CUST0265,Kim Morrow,goodsteven@example.net,2024-08-07,REGULAR
CUST0266,Molly Rodriguez,rreed@example.org,2026-05-10,PREMIUM
CUST0267,Brian Johnson,bmendez@example.org,2026-02-02,VIP
CUST0268,Daniel Shields,sanchezbradley@example.com,2023-10-15,REGULAR
CUST0269,Laura Barton,williamroberts@example.net,2024-11-29,REGULAR
CUST0270,Jennifer Hill,kevinthomas@example.net,2025-11-30,REGULAR
CUST0271,Gregory Schneider,conniesimmons@example.com,2025-03-03,PREMIUM
CUST0272,Paul Wells,heather62@example.com,2024-07-04,REGULAR
CUST0273,Tracy Grant,meredith27@example.org,2024-02-13,REGULAR
CUST0274,Tammy Boone,nsanchez@example.com,2023-12-10,REGULAR
CUST0275,Shelly Lopez,brettbennett@example.net,2026-01-17,REGULAR
CUST0276,Terry Lewis,timothybooth@example.com,2024-05-10,PREMIUM
CUST0277,Michele Sanders,burgesskaren@example.org,2024-07-25,PREMIUM
CUST0278,Elizabeth Ward,kimberly67@example.net,2025-08-30,PREMIUM
CUST0279,Erica Harris,ugarcia@example.com,2024-11-17,VIP
CUST0280,Dean Donovan,owilliams@example.net,2026-01-04,REGULAR
CUST0281,Kelly Sanchez,mphillips@example.com,2025-11-21,VIP
CUST0282,Robert Jackson,jonathan77@example.com,2025-11-15,REGULAR
CUST0283,Kelly Combs,iwhite@example.net,2023-11-12,PREMIUM
CUST0284,Michael Smith,duranrobert@example.net,2025-09-12,PREMIUM
CUST0285,Lisa Webb,nbrooks@example.net,2025-08-15,VIP
CUST0286,Nathan Nichols,smithandrea@example.org,2024-10-07,VIP
CUST0287,Susan Rodriguez,shawheidi@example.com,2023-12-16,PREMIUM
CUST0288,Debra Sanders,johnharvey@example.com,2025-02-18,PREMIUM
CUST0289,Michael Abbott,pstevens@example.net,2026-04-30,PREMIUM
CUST0290,Mark Warner,davisnicholas@example.net,2023-11-25,VIP
CUST0291,Shannon Davis,pbruce@example.com,2025-10-17,VIP
CUST0292,Karen Williams,hallrachel@example.net,2023-11-12,PREMIUM
CUST0293,Emily Ali,rachel90@example.org,2026-01-16,VIP
CUST0294,Elizabeth Elliott,karenmarquez@example.com,2025-12-16,PREMIUM
CUST0295,Patrick Gibbs,irhodes@example.com,2026-06-24,VIP
CUST0296,David Jones,masonterri@example.org,2026-02-14,VIP
CUST0297,Rachel Hayes,unovak@example.org,2024-07-08,PREMIUM
CUST0298,Mary Miller,angela66@example.org,2026-03-06,PREMIUM
CUST0299,Michael Walters,lauren11@example.com,2025-03-16,REGULAR
CUST0300,Philip Garcia,michael10@example.com,2023-12-02,PREMIUM
CUST0301,Alexander Gomez,ryanhawkins@example.net,2023-12-11,PREMIUM
CUST0302,Bradley Santana,michelle04@example.com,2024-07-31,PREMIUM
CUST0303,Johnny Brown,ginajackson@example.com,2025-05-25,REGULAR
CUST0304,David Weber,robert71@example.com,2026-01-27,VIP
CUST0305,Evelyn Oliver,stephentaylor@example.org,2024-12-12,PREMIUM
CUST0306,Frank Valentine,pcook@example.net,2024-05-27,REGULAR
CUST0307,Michael Henry,zedwards@example.com,2025-12-30,VIP
CUST0308,Timothy Gonzalez,markramirez@example.com,2025-11-13,REGULAR
CUST0309,Michael Gonzales,erinpierce@example.net,2024-10-14,REGULAR
CUST0310,Brenda Turner,fuenteslaura@example.com,2024-08-15,VIP
CUST0311,Kyle Aguilar,jennifermccormick@example.org,2025-10-27,REGULAR
CUST0312,Robin Wheeler,ystephens@example.com,2023-11-29,REGULAR
CUST0313,Lonnie Hart,mackdiane@example.com,2026-04-17,REGULAR
CUST0314,Brett Walker,vrasmussen@example.com,2025-10-02,PREMIUM
CUST0315,Kathryn Cooper,seanmyers@example.net,2023-08-27,REGULAR
CUST0316,Todd Thomas,agarcia@example.org,2024-11-15,VIP
CUST0317,Brent Bowen,stanley38@example.com,2025-06-21,REGULAR
CUST0318,Maria Byrd,carlos01@example.org,2024-03-31,REGULAR
CUST0319,Tina Hall,zacharyarnold@example.com,2025-04-09,PREMIUM
CUST0320,Lucas Gonzalez,jacobsandoval@example.com,2026-01-24,PREMIUM
CUST0321,Paul Stokes,tprice@example.org,2023-10-25,VIP
CUST0322,Jim Baker,lloydamanda@example.com,2025-08-18,VIP
CUST0323,Harold Ellis,candice96@example.net,2024-04-13,VIP
CUST0324,Bruce Torres,samantha91@example.net,2024-04-29,VIP
CUST0325,Laura Henderson,heather86@example.com,2025-08-14,VIP
CUST0326,Ryan Harvey,angelaburns@example.org,2025-01-27,REGULAR
CUST0327,Kathy Simpson,washingtonjames@example.com,2026-06-17,VIP
CUST0328,Keith Flynn,cperry@example.com,2024-06-26,PREMIUM
CUST0329,Jim Newton,antonio38@example.com,2025-08-27,VIP
CUST0330,Holly Carson,armstrongjoseph@example.net,2023-09-22,VIP
CUST0331,Martha Wright,bpayne@example.org,2023-09-08,REGULAR
CUST0332,Autumn Cain,fbaker@example.com,2024-06-10,PREMIUM
CUST0333,Rachel Li,michelle96@example.org,2023-10-20,PREMIUM
CUST0334,Michael Roberts,amanda98@example.org,2024-09-07,PREMIUM
CUST0335,Wendy Camacho,taylorkaren@example.com,2024-02-02,PREMIUM
CUST0336,Megan Burns,johndawson@example.org,2026-01-01,VIP
CUST0337,Sheryl Davis,courtney67@example.org,2025-09-27,PREMIUM
CUST0338,Aaron Schroeder,heather57@example.com,2023-12-11,VIP
CUST0339,Rebecca Sanders,sreid@example.com,2025-05-17,PREMIUM
CUST0340,Kenneth Knight,troymorris@example.com,2025-08-11,VIP
CUST0341,Sara Smith,patricia00@example.org,2024-03-21,PREMIUM
CUST0342,Susan Khan MD,bbryant@example.org,2024-09-17,REGULAR
CUST0343,Mariah Williams,penajohn@example.com,2026-03-17,PREMIUM
CUST0344,Brandon Lewis,jessica36@example.net,2023-11-18,PREMIUM
CUST0345,Michael Montoya,brittneystone@example.com,2025-05-06,VIP
CUST0346,Ashley Edwards,timperez@example.org,2024-10-26,REGULAR
CUST0347,Megan Jones,patrickli@example.org,2025-12-11,PREMIUM
CUST0348,Lori Hernandez,bishopfrank@example.com,2025-04-19,REGULAR
CUST0349,Bryce Blair,fheath@example.org,2025-01-16,PREMIUM
CUST0350,Bradley Tran,iedwards@example.org,2026-02-06,VIP
CUST0351,Katrina Adkins,kimberly04@example.org,2024-10-21,PREMIUM
CUST0352,Brian Porter MD,bowerslaura@example.org,2025-10-17,VIP
CUST0353,Ryan Fisher,hatfieldsarah@example.org,2025-11-14,REGULAR
CUST0354,Austin Baker,kathrynbest@example.org,2023-09-19,PREMIUM
CUST0355,Kathryn Perry,fryraymond@example.com,2026-07-14,REGULAR
CUST0356,Diamond Collins,imiller@example.net,2025-09-21,VIP
CUST0357,Mark Davenport,terrimoore@example.com,2026-06-11,PREMIUM
CUST0358,Brandon Hamilton,collinssamuel@example.org,2025-06-23,REGULAR
CUST0359,Adam Taylor,parkerjudith@example.net,2023-08-06,PREMIUM
CUST0360,Michelle Jackson,tylerreed@example.net,2024-02-02,PREMIUM
CUST0361,Denise Brown,jessica10@example.com,2025-12-31,PREMIUM
CUST0362,Mr. Jacob Scott Jr.,crawfordwilliam@example.org,2025-12-27,VIP
CUST0363,Alexandria Williams,perezwilliam@example.org,2025-02-04,VIP
CUST0364,Suzanne Yang,lmora@example.org,2025-05-01,PREMIUM
CUST0365,Roger Duncan,marcbutler@example.net,2024-01-21,PREMIUM
CUST0366,Andrea Marshall,whitelinda@example.org,2024-09-30,REGULAR
CUST0367,Eddie Mueller,mark87@example.org,2026-03-13,REGULAR
CUST0368,Dr. Morgan Payne PhD,stevenvargas@example.com,2024-03-09,VIP
CUST0369,Ryan Wiley,randolphandrew@example.net,2024-12-21,VIP
CUST0370,Ashley Moreno,blakenicholas@example.net,2024-07-23,REGULAR
CUST0371,Anna Morse,dvasquez@example.org,2025-10-04,PREMIUM
CUST0372,Angela Davis,xhaynes@example.com,2024-02-12,VIP
CUST0373,Victor Young,kjones@example.org,2024-08-28,REGULAR
CUST0374,David Harding,sara65@example.com,2024-02-16,PREMIUM
CUST0375,Bryan Howard,moorefrank@example.com,2024-06-06,REGULAR
CUST0376,Robert Torres,qparker@example.org,2026-07-18,VIP
CUST0377,David Kelly,lewismelissa@example.org,2025-09-24,PREMIUM
CUST0378,Jared Chavez,byrdjorge@example.org,2025-11-20,REGULAR
CUST0379,Antonio Norman,codygarcia@example.org,2024-06-29,VIP
CUST0380,Maria Aguilar,jamesmorales@example.net,2024-08-25,VIP
CUST0381,Carl Stein,johnsoncaleb@example.net,2024-12-16,PREMIUM
CUST0382,Jessica Ramsey,williamssteven@example.org,2025-08-28,REGULAR
CUST0383,Cody Ramirez,reyesronald@example.com,2024-03-06,PREMIUM
CUST0384,Jason Pierce,mendezchristina@example.net,2023-10-22,PREMIUM
CUST0385,Rebecca Wright,ramirezderrick@example.org,2025-11-10,REGULAR
CUST0386,Richard Cooper,mayokimberly@example.com,2025-12-14,PREMIUM
CUST0387,Alyssa Cochran,paul20@example.com,2024-09-28,REGULAR
CUST0388,Yvonne Dickson,stokesthomas@example.com,2023-12-22,REGULAR
CUST0389,Zachary Robinson,dianeadams@example.net,2025-03-14,VIP
CUST0390,Renee Wolfe,savannah22@example.org,2026-01-23,REGULAR
CUST0391,Kristine Lopez,warnermichael@example.net,2025-08-22,PREMIUM
CUST0392,Daniel Fox,gregory01@example.org,2023-07-21,REGULAR
CUST0393,Tamara Richard,samantha32@example.com,2024-12-03,PREMIUM
CUST0394,Sarah Valencia,johnsonbrenda@example.org,2023-11-09,VIP
CUST0395,Frank Daugherty,janet69@example.org,2025-05-28,VIP
CUST0396,Melissa Mcfarland,lbanks@example.net,2025-01-24,PREMIUM
CUST0397,Michael Anderson,elizabetholsen@example.com,2023-07-22,VIP
CUST0398,Lance Mccall,xrosales@example.net,2026-02-23,PREMIUM
CUST0399,Patrick Young,daniellegarcia@example.com,2024-11-27,REGULAR
CUST0400,Monica Rogers,daisymccarty@example.net,2023-08-06,VIP
CUST0401,Michelle Williams,jason15@example.com,2025-05-30,REGULAR
CUST0402,Heather Bennett,acosta@example.com,2025-08-02,PREMIUM
CUST0403,Fernando Lynn,franciscojones@example.org,2023-11-12,REGULAR
CUST0404,Tom Spence,george62@example.net,2024-12-25,VIP
CUST0405,Steve Moore,bbush@example.net,2023-12-24,REGULAR
CUST0406,Tammy Fernandez,jamie36@example.net,2026-05-11,VIP
CUST0407,Sara Hernandez,kenneth10@example.com,2025-01-30,PREMIUM
CUST0408,Karen Davis,pattersonkelly@example.net,2024-06-05,PREMIUM
CUST0409,Elizabeth Sanders,daniellerowland@example.com,2025-08-17,VIP
CUST0410,James Lopez,christopher86@example.org,2023-09-27,REGULAR
CUST0411,Brittany Horton,scott43@example.com,2023-12-17,PREMIUM
CUST0412,Leah Spencer,barnettlindsey@example.com,2025-03-12,VIP
CUST0413,Cynthia Evans,rsheppard@example.com,2025-03-24,REGULAR
CUST0414,Lisa Martinez,shawrachel@example.net,2025-06-16,VIP
CUST0415,Beth Henderson,stacyjackson@example.org,2026-06-15,REGULAR
CUST0416,Deanna Bartlett,oharris@example.org,2023-11-01,REGULAR
CUST0417,Kelly Stark,hughesray@example.com,2023-08-08,REGULAR
CUST0418,Lauren Hanna,jrodriguez@example.org,2023-12-22,VIP
CUST0419,Sheryl Humphrey,hartcraig@example.com,2024-09-02,VIP
CUST0420,Christopher Powell,kpena@example.net,2026-03-06,PREMIUM
CUST0421,Patrick Mccall,vwilliams@example.net,2025-02-17,VIP
CUST0422,John Horton,morganlaura@example.com,2023-12-19,PREMIUM
CUST0423,Erica Daniel,dennismccann@example.com,2026-02-13,VIP
CUST0424,Olivia Camacho,lopezjason@example.com,2023-10-15,PREMIUM
CUST0425,Samuel Suarez,cameronmckinney@example.com,2023-09-02,REGULAR
CUST0426,Jesus Hull,jameswhitaker@example.org,2026-07-18,VIP
CUST0427,Thomas Maldonado,joshuacolon@example.net,2024-07-29,PREMIUM
CUST0428,Hannah Martin,tracy72@example.com,2024-08-24,REGULAR
CUST0429,Penny Lewis,mitchellpaul@example.org,2024-06-27,VIP
CUST0430,Sharon Coffey,ericaadams@example.com,2026-06-13,REGULAR
CUST0431,Alejandra King,wellsdavid@example.org,2024-11-05,VIP
CUST0432,John Byrd,rodney65@example.com,2026-03-14,VIP
CUST0433,Dr. Sara Hoffman DDS,asilva@example.net,2024-10-01,REGULAR
CUST0434,Margaret Hensley MD,gabrielle71@example.com,2026-04-27,VIP
CUST0435,Rebekah Greene,jacob83@example.org,2026-05-11,PREMIUM
CUST0436,Jason Price,erin07@example.com,2023-09-12,VIP
CUST0437,Rachel Knox,matthewreeves@example.net,2026-05-28,PREMIUM
CUST0438,John Figueroa,william28@example.org,2025-12-04,PREMIUM
CUST0439,Henry Garner,staceylam@example.net,2024-11-08,PREMIUM
CUST0440,Edward York,vfrench@example.com,2025-07-19,REGULAR
CUST0441,Steve Mason,delacruzbrandy@example.net,2026-06-11,PREMIUM
CUST0442,Brittany Gay,amoreno@example.org,2025-01-02,PREMIUM
CUST0443,Mike Maxwell,dbenitez@example.org,2025-08-15,PREMIUM
CUST0444,Jesse Clark,crystal25@example.net,2024-04-06,VIP
CUST0445,Jeffrey Jordan,tracygallagher@example.org,2025-05-16,REGULAR
CUST0446,Jake Smith,creyes@example.net,2024-12-01,PREMIUM
CUST0447,Michael Cooper,andrewsmith@example.net,2024-02-05,PREMIUM
CUST0448,Angel Fry,reyesbrianna@example.org,2025-06-27,REGULAR
CUST0449,Colin Vaughan,ryan25@example.com,2025-04-06,VIP
CUST0450,Alex Wagner,perezjessica@example.org,2024-01-27,REGULAR
CUST0451,Joseph Williams,jennifer06@example.net,2023-10-02,PREMIUM
CUST0452,Jeremy Martinez,valdezandrew@example.net,2024-08-15,PREMIUM
CUST0453,Alexandra Fisher,nmiles@example.net,2023-12-23,REGULAR
CUST0454,Lisa Campbell,cindy26@example.org,2024-01-01,VIP
CUST0455,Valerie Howard,mgonzalez@example.com,2025-04-16,PREMIUM
CUST0456,Karen Young,ethan87@example.org,2023-08-08,VIP
CUST0457,Travis Chan Jr.,meadowsmary@example.net,2023-12-24,REGULAR
CUST0458,Brett Thompson,dawn74@example.com,2023-09-19,VIP
CUST0459,Samuel Zamora,michael56@example.net,2023-08-04,VIP
CUST0460,Tina Adams,elizabethjackson@example.com,2023-12-11,VIP
CUST0461,Jesus Houston,lisa21example.com,2026-06-25,REGULAR
CUST0462,Michael Brown,pmarsh@example.org,2024-03-23,REGULAR
CUST0463,Catherine James,perrybrittany@example.net,2025-01-27,REGULAR
CUST0464,Bianca Knapp,huffmannichole@example.net,2024-01-11,REGULAR
CUST0465,Alexandria Oneill,ealexander@example.com,2025-10-12,VIP
CUST0466,Melissa Montgomery,tiffanysantiago@example.com,2025-05-22,VIP
CUST0467,Ryan Grant,timothyalvarado@example.net,2026-02-26,PREMIUM
CUST0468,Sarah Booth,smithsarah@example.net,2023-11-13,REGULAR
CUST0469,Daniel Schneider,vflores@example.com,2025-04-06,REGULAR
CUST0470,Scott West,christianwallace@example.net,2024-01-20,VIP
CUST0471,Andrew Dunn,bmcgee@example.org,2023-12-08,REGULAR
CUST0472,Tiffany Cox,pamela83@example.net,2023-10-12,PREMIUM
CUST0473,Michelle Cox,meganrivera@example.net,2025-06-21,PREMIUM
CUST0474,Ronald Brandt,davisdonna@example.org,2024-10-15,VIP
CUST0475,Mitchell Griffith,jacqueline02@example.com,2024-01-02,REGULAR
CUST0476,Roger Lee,cheryl31@example.com,2024-12-25,PREMIUM
CUST0477,Leah Barton,shermanbrandon@example.net,2025-06-18,VIP
CUST0478,April Fitzgerald,gbarrett@example.org,2025-11-25,PREMIUM
CUST0479,Susan Holt,eroberson@example.net,2024-04-14,PREMIUM
CUST0480,Kathy Cruz,dalesandoval@example.net,2026-02-20,PREMIUM
CUST0481,Casey Gutierrez,joshuastuart@example.com,2026-07-11,VIP
CUST0482,Kristen Robinson,megan85@example.net,2024-06-09,PREMIUM
CUST0483,Mallory Page,glenda22@example.net,2025-01-17,VIP
CUST0484,Paul Skinner,qaguilar@example.net,2024-10-06,PREMIUM
CUST0485,Charles Santiago,hstokes@example.org,2024-05-25,PREMIUM
CUST0486,Ryan Vaughn,karen24@example.net,2024-10-20,VIP
CUST0487,Sean Stevenson,karenjohnson@example.com,2024-07-02,PREMIUM
CUST0488,Matthew House,yyoung@example.net,2025-03-13,VIP
CUST0489,Amy Manning,rfrye@example.com,2024-05-30,VIP
CUST0490,Holly Chapman,ogreer@example.net,2026-02-11,PREMIUM
CUST0491,William Jones,kimberlybrandt@example.com,2024-04-14,REGULAR
CUST0492,Christopher Singleton,bennettroy@example.net,2023-07-28,VIP
CUST0493,Linda Ayala,steven20@example.org,2026-03-17,REGULAR
CUST0494,Michael Fox,tracy98@example.com,2024-04-30,PREMIUM
CUST0495,Anna Walker,hartmanerik@example.net,2024-06-15,PREMIUM
CUST0496,Yesenia Colon,mark43example.net,2026-04-23,VIP
CUST0497,Lisa Oliver,wilsonmichael@example.org,2023-09-19,REGULAR
CUST0498,Diane Pruitt,patrick16@example.com,2025-02-21,PREMIUM
CUST0499,Jose Vaughan,stucker@example.net,2024-04-05,VIP
CUST0500,Sharon Coleman,simsjason@example.net,2023-12-28,REGULAR
