product_id,product_name,category,subcategory,cost_price
PROD0001,Describe Appliances,Home,Appliances,3171.32
PROD0002,Note Fiction,Books,Fiction,1250.37
PROD0003,Them Kitchen,Home,Kitchen,2226.46
PROD0004,Scientist Mobile,Electronics,Mobile,3500.61
PROD0005,Unit Mobile,Electronics,Mobile,374.98
PROD0006,Site Decor,Home,Decor,1296.57
PROD0007,  STAGE EDUCATION  ,Books,Education,4367.11
PROD0008,Learn Shoes,Clothing,Shoes,801.28
PROD0009,Radio Biography,Books,Biography,3367.52
PROD0010,Technology Biography,Books,Biography,874.08
PROD0011,Yard Biography,Books,Biography,1565.86
PROD0012,Away Biography,Books,Biography,1580.4
PROD0013,  SKIN COMICS  ,Books,Comics,1858.9
PROD0014,  rich decor  ,Home,Decor,2039.45
PROD0015,Class Mobile,Electronics,Mobile,3751.34
PROD0016,Agent Kitchen,Home,Kitchen,1826.37
PROD0017,Machine Jacket,Clothing,Jacket,3632.55
PROD0018,Series Shirt,Clothing,Shirt,3267.07
PROD0019,  GLASS APPLIANCES  ,Home,Appliances,743.92
PROD0020,Always Decor,Home,Decor,960.64
PROD0021,Begin Jacket,Clothing,Jacket,4576.09
PROD0022,Back Jacket,Clothing,Jacket,4726.52
PROD0023,Arm Decor,Home,Decor,2394.82
PROD0024,Could Laptop,Electronics,Laptop,1205.51
PROD0025,  STUDY BIOGRAPHY  ,Books,Biography,1395.85
PROD0026,Enter Headphones,Electronics,Headphones,3770.16
PROD0027,Open Appliances,Home,Appliances,4707.43
PROD0028,Avoid Laptop,Electronics,Laptop,3135.78
PROD0029,Paper Kitchen,Home,Kitchen,3213.48
PROD0030,Term Biography,Books,Biography,671.71
PROD0031,Drive Mobile,Electronics,Mobile,2513.86
PROD0032,Whether Laptop,Electronics,Laptop,764.75
PROD0033,Evening Biography,Books,Biography,3741.39
PROD0034,Involve Education,Books,Education,3309.12
PROD0035,Important Comics,Books,Comics,1470.73
PROD0036,Little Kitchen,Home,Kitchen,4757.72
PROD0037,Professor Furniture,Home,Furniture,1899.94
PROD0038,Interview Furniture,Home,Furniture,1030.06
PROD0039,  LEAD HEADPHONES  ,Electronics,Headphones,3233.52
PROD0040,Four Mobile,Electronics,Mobile,1293.49
PROD0041,  adult jeans  ,Clothing,Jeans,1115.07
PROD0042,Improve Jeans,Clothing,Jeans,823.02
PROD0043,Report Camera,Electronics,Camera,808.97
PROD0044,By Jacket,Clothing,Jacket,638.64
PROD0045,  nor laptop  ,Electronics,Laptop,1265.86
PROD0046,  ACCORDING FURNITURE  ,Home,Furniture,3734.42
PROD0047,Put Mobile,Electronics,Mobile,3912.28
PROD0048,Service Headphones,Electronics,Headphones,4732.54
PROD0049,Present Camera,Electronics,Camera,4823.73
PROD0050,At Headphones,Electronics,Headphones,2188.74
PROD0051,Something Headphones,Electronics,Headphones,2273.46
PROD0052,Skill Camera,Electronics,Camera,421.84
PROD0053,Pay Decor,Home,Decor,3027.22
PROD0054,Answer Appliances,Home,Appliances,2207.98
PROD0055,School Laptop,Electronics,Laptop,4451.65
PROD0056,Thus Biography,Books,Biography,2053.78
PROD0057,Baby Camera,Electronics,Camera,3359.03
PROD0058,Help Kitchen,Home,Kitchen,2423.91
PROD0059,  WITHOUT MOBILE  ,Electronics,Mobile,3720.1
PROD0060,Morning Shirt,Clothing,Shirt,2851.77
PROD0061,Born Furniture,Home,Furniture,4380.68
PROD0062,Figure Fiction,Books,Fiction,3042.01
PROD0063,Stop Furniture,Home,Furniture,1142.42
PROD0064,Rich Education,Books,Education,1815.56
PROD0065,Fish Furniture,Home,Furniture,2913.09
PROD0066,Policy Fiction,Books,Fiction,3323.37
PROD0067,  before furniture  ,Home,Furniture,1614.02
PROD0068,  father decor  ,Home,Decor,2874.97
PROD0069,  southern fiction  ,Books,Fiction,250.22
PROD0070,With Shoes,Clothing,Shoes,1770.39
PROD0071,Left Decor,Home,Decor,3906.49
PROD0072,  i mobile  ,Electronics,Mobile,343.84
PROD0073,Indicate Camera,Electronics,Camera,2177.67
PROD0074,Term Comics,Books,Comics,3799.22
PROD0075,Recent Camera,Electronics,Camera,1487.91
PROD0076,  ALLOW BIOGRAPHY  ,Books,Biography,3036.69
PROD0077,Matter Laptop,Electronics,Laptop,1135.05
PROD0078,Close Jacket,Clothing,Jacket,687.92
PROD0079,  NONE COMICS  ,Books,Comics,3547.99
PROD0080,Discussion Furniture,Home,Furniture,3736.0
PROD0081,Century Fiction,Books,Fiction,481.53
PROD0082,Skin Appliances,Home,Appliances,3576.54
PROD0083,  INCLUDE BIOGRAPHY  ,Books,Biography,1691.36
PROD0084,  style biography  ,Books,Biography,1292.25
PROD0085,Subject Fiction,Books,Fiction,1620.35
PROD0086,Time Kitchen,Home,Kitchen,923.85
PROD0087,Offer Laptop,Electronics,Laptop,1811.94
PROD0088,  FIND JEANS  ,Clothing,Jeans,950.15
PROD0089,  protect shirt  ,Clothing,Shirt,2521.17
PROD0090,Charge Biography,Books,Biography,3173.37
PROD0091,  FIRE SHOES  ,Clothing,Shoes,1583.82
PROD0092,Research Furniture,Home,Furniture,463.53
PROD0093,  VERY COMICS  ,Books,Comics,1506.68
PROD0094,Who Headphones,Electronics,Headphones,2816.15
PROD0095,Stuff Headphones,Electronics,Headphones,2901.12
PROD0096,Trial Jacket,Clothing,Jacket,2556.7
PROD0097,  shoulder headphones  ,Electronics,Headphones,1782.85
PROD0098,  raise laptop  ,Electronics,Laptop,4955.83
PROD0099,Hour Jacket,Clothing,Jacket,1486.18
PROD0100,Activity Biography,Books,Biography,356.59
PROD0101,On Furniture,Home,Furniture,2834.02
PROD0102,Two Biography,Books,Biography,4272.67
PROD0103,  one jacket  ,Clothing,Jacket,4592.06
PROD0104,  chance appliances  ,Home,Appliances,515.12
PROD0105,Candidate Biography,Books,Biography,3383.57
PROD0106,Analysis Headphones,Electronics,Headphones,189.33
PROD0107,Accept Kitchen,Home,Kitchen,1774.49
PROD0108,Page Education,Books,Education,774.07
PROD0109,Pick Camera,Electronics,Camera,595.59
PROD0110,Indeed Camera,Electronics,Camera,3128.35
PROD0111,  note education  ,Books,Education,3878.38
PROD0112,  OFFICER SHOES  ,Clothing,Shoes,3625.97
PROD0113,Your Biography,Books,Biography,3940.62
PROD0114,Bed Jeans,Clothing,Jeans,4062.26
PROD0115,Focus Education,Books,Education,4740.94
PROD0116,Develop Comics,Books,Comics,3912.81
PROD0117,Smile Education,Books,Education,4026.17
PROD0118,  SITE JACKET  ,Clothing,Jacket,1918.94
PROD0119,Well Mobile,Electronics,Mobile,3839.27
PROD0120,She Appliances,Home,Appliances,822.01
PROD0121,Guy Fiction,Books,Fiction,1187.99
PROD0122,Development Biography,Books,Biography,2132.99
PROD0123,Itself Biography,Books,Biography,4973.17
PROD0124,  western kitchen  ,Home,Kitchen,4211.96
PROD0125,  RACE KITCHEN  ,Home,Kitchen,4165.83
PROD0126,Today Shoes,Clothing,Shoes,125.73
PROD0127,Music Mobile,Electronics,Mobile,4191.32
PROD0128,Change Fiction,Books,Fiction,1264.44
PROD0129,College Mobile,Electronics,Mobile,3230.86
PROD0130,  create fiction  ,Books,Fiction,3024.02
PROD0131,Do Laptop,Electronics,Laptop,1527.23
PROD0132,Practice Camera,Electronics,Camera,2141.18
PROD0133,  they camera  ,Electronics,Camera,2585.91
PROD0134,Entire Headphones,Electronics,Headphones,313.32
PROD0135,Daughter Biography,Books,Biography,179.59
PROD0136,Building Camera,Electronics,Camera,3319.81
PROD0137,  COURSE CAMERA  ,Electronics,Camera,1758.88
PROD0138,Remain Shoes,Clothing,Shoes,2444.8
PROD0139,  successful jeans  ,Clothing,Jeans,2342.63
PROD0140,  OUR KITCHEN  ,Home,Kitchen,305.34
PROD0141,Together Appliances,Home,Appliances,2760.85
PROD0142,Arm Furniture,Home,Furniture,1036.41
PROD0143,Today Furniture,Home,Furniture,1726.43
PROD0144,Society Camera,Electronics,Camera,2060.11
PROD0145,Work Comics,Books,Comics,1015.4
PROD0146,Often Biography,Books,Biography,2644.45
PROD0147,  main headphones  ,Electronics,Headphones,4129.47
PROD0148,  QUITE DECOR  ,Home,Decor,1548.64
PROD0149,  OFTEN COMICS  ,Books,Comics,2290.94
PROD0150,Baby Appliances,Home,Appliances,4902.13
PROD0151,Fill Mobile,Electronics,Mobile,2090.43
PROD0152,  remain shirt  ,Clothing,Shirt,3928.43
PROD0153,  audience laptop  ,Electronics,Laptop,1895.01
PROD0154,Enough Fiction,Books,Fiction,3427.4
PROD0155,Billion Decor,Home,Decor,476.74
PROD0156,Decade Jacket,Clothing,Jacket,3282.85
PROD0157,  SHE SHIRT  ,Clothing,Shirt,2636.95
PROD0158,Partner Camera,Electronics,Camera,3549.79
PROD0159,Message Jacket,Clothing,Jacket,4993.28
PROD0160,  GIVE SHIRT  ,Clothing,Shirt,946.02
PROD0161,Heavy Fiction,Books,Fiction,4841.05
PROD0162,Career Decor,Home,Decor,2794.99
PROD0163,Remain Decor,Home,Decor,3587.86
PROD0164,Reality Jacket,Clothing,Jacket,694.68
PROD0165,Easy Jeans,Clothing,Jeans,2520.71
PROD0166,Black Decor,Home,Decor,4916.76
PROD0167,  FEEL SHIRT  ,Clothing,Shirt,3612.97
PROD0168,President Comics,Books,Comics,4134.36
PROD0169,Available Laptop,Electronics,Laptop,3247.46
PROD0170,We Comics,Books,Comics,1788.12
PROD0171,Daughter Jeans,Clothing,Jeans,4562.49
PROD0172,Friend Mobile,Electronics,Mobile,1590.21
PROD0173,Mention Jacket,Clothing,Jacket,1204.8
PROD0174,Little Furniture,Home,Furniture,3211.78
PROD0175,Get Kitchen,Home,Kitchen,3110.7
PROD0176,Practice Laptop,Electronics,Laptop,2945.17
PROD0177,Receive Jacket,Clothing,Jacket,2861.73
PROD0178,  follow mobile  ,Electronics,Mobile,2926.18
PROD0179,Rule Shoes,Clothing,Shoes,248.4
PROD0180,Pattern Decor,Home,Decor,4042.97
PROD0181,Claim Biography,Books,Biography,3474.21
PROD0182,Others Shoes,Clothing,Shoes,2375.77
PROD0183,Our Kitchen,Home,Kitchen,3619.98
PROD0184,  HIS APPLIANCES  ,Home,Appliances,2852.09
PROD0185,System Kitchen,Home,Kitchen,1410.61
PROD0186,  FOUR JEANS  ,Clothing,Jeans,1982.33
PROD0187,Later Education,Books,Education,4521.32
PROD0188,  CONCERN DECOR  ,Home,Decor,4980.25
PROD0189,Above Comics,Books,Comics,2537.11
PROD0190,Form Headphones,Electronics,Headphones,4836.76
PROD0191,  EMPLOYEE JACKET  ,Clothing,Jacket,3027.84
PROD0192,Stock Biography,Books,Biography,4251.14
PROD0193,Do Education,Books,Education,3664.79
PROD0194,  SEEM BIOGRAPHY  ,Books,Biography,2852.9
PROD0195,  sister decor  ,Home,Decor,3845.58
PROD0196,  PUT FURNITURE  ,Home,Furniture,1928.67
PROD0197,Least Decor,Home,Decor,1075.38
PROD0198,  FACTOR FICTION  ,Books,Fiction,1731.9
PROD0199,  though comics  ,Books,Comics,784.93
PROD0200,Here Kitchen,Home,Kitchen,3120.85
PROD0201,Center Decor,Home,Decor,2597.6
PROD0202,Respond Biography,Books,Biography,181.52
PROD0203,Significant Furniture,Home,Furniture,2960.14
PROD0204,Glass Headphones,Electronics,Headphones,3312.4
PROD0205,Understand Shirt,Clothing,Shirt,935.51
PROD0206,Media Education,Books,Education,1286.76
PROD0207,  MAINTAIN LAPTOP  ,Electronics,Laptop,842.01
PROD0208,Like Shoes,Clothing,Shoes,3096.24
PROD0209,Her Fiction,Books,Fiction,2641.55
PROD0210,Stage Appliances,Home,Appliances,1637.39
PROD0211,Focus Shoes,Clothing,Shoes,1777.4
PROD0212,Message Decor,Home,Decor,1042.09
PROD0213,Ok Jacket,Clothing,Jacket,1201.85
PROD0214,Boy Decor,Home,Decor,3482.18
PROD0215,Continue Biography,Books,Biography,2846.39
PROD0216,  race decor  ,Home,Decor,1960.5
PROD0217,Policy Biography,Books,Biography,4042.62
PROD0218,Beat Furniture,Home,Furniture,3599.29
PROD0219,Thought Appliances,Home,Appliances,3761.96
PROD0220,Fast Jeans,Clothing,Jeans,1428.55
PROD0221,  town kitchen  ,Home,Kitchen,1272.48
PROD0222,The Laptop,Electronics,Laptop,357.21
PROD0223,Challenge Biography,Books,Biography,592.67
PROD0224,Vote Shirt,Clothing,Shirt,4891.76
PROD0225,Nothing Shoes,Clothing,Shoes,4415.17
PROD0226,Debate Comics,Books,Comics,3803.96
PROD0227,Everyone Decor,Home,Decor,389.9
PROD0228,Similar Laptop,Electronics,Laptop,3643.28
PROD0229,Various Laptop,Electronics,Laptop,4204.26
PROD0230,Produce Headphones,Electronics,Headphones,1012.93
PROD0231,  ball furniture  ,Home,Furniture,625.77
PROD0232,Short Decor,Home,Decor,3242.43
PROD0233,Bag Education,Books,Education,2393.3
PROD0234,Wait Shirt,Clothing,Shirt,3682.48
PROD0235,  AFTER KITCHEN  ,Home,Kitchen,1545.62
PROD0236,Time Jeans,Clothing,Jeans,3229.76
PROD0237,Movement Comics,Books,Comics,525.02
PROD0238,Program Laptop,Electronics,Laptop,2439.53
PROD0239,Allow Shirt,Clothing,Shirt,1254.05
PROD0240,Tax Decor,Home,Decor,3642.12
PROD0241,Party Camera,Electronics,Camera,3494.57
PROD0242,Particular Mobile,Electronics,Mobile,882.61
PROD0243,Interview Furniture,Home,Furniture,4709.11
PROD0244,Specific Kitchen,Home,Kitchen,754.49
PROD0245,Performance Shoes,Clothing,Shoes,3068.12
PROD0246,Difference Comics,Books,Comics,4029.78
PROD0247,What Jeans,Clothing,Jeans,3019.49
PROD0248,Although Headphones,Electronics,Headphones,1872.75
PROD0249,Ok Mobile,Electronics,Mobile,4524.15
PROD0250,  ever jeans  ,Clothing,Jeans,2265.02
PROD0251,  of shoes  ,Clothing,Shoes,4062.59
PROD0252,Wall Education,Books,Education,2338.31
PROD0253,Notice Headphones,Electronics,Headphones,1610.03
PROD0254,Marriage Headphones,Electronics,Headphones,114.78
PROD0255,  READY SHIRT  ,Clothing,Shirt,412.42
PROD0256,Stage Mobile,Electronics,Mobile,2413.15
PROD0257,  CHURCH APPLIANCES  ,Home,Appliances,3243.47
PROD0258,History Biography,Books,Biography,1974.15
PROD0259,  including comics  ,Books,Comics,4385.31
PROD0260,  dog jacket  ,Clothing,Jacket,2025.99
PROD0261,Vote Jeans,Clothing,Jeans,3805.28
PROD0262,Sport Appliances,Home,Appliances,2767.78
PROD0263,Perform Education,Books,Education,1796.18
PROD0264,Significant Kitchen,Home,Kitchen,3652.62
PROD0265,Tough Mobile,Electronics,Mobile,2154.28
PROD0266,Fill Laptop,Electronics,Laptop,594.39
PROD0267,Center Headphones,Electronics,Headphones,3546.1
PROD0268,Majority Laptop,Electronics,Laptop,2071.1
PROD0269,More Jeans,Clothing,Jeans,3902.71
PROD0270,Mrs Jacket,Clothing,Jacket,4590.35
PROD0271,Believe Decor,Home,Decor,4393.67
PROD0272,Industry Shoes,Clothing,Shoes,398.69
PROD0273,Himself Shoes,Clothing,Shoes,329.73
PROD0274,Morning Appliances,Home,Appliances,1661.8
PROD0275,  ACTION COMICS  ,Books,Comics,3796.64
PROD0276,Recognize Education,Books,Education,1573.61
PROD0277,Edge Shoes,Clothing,Shoes,2855.69
PROD0278,Thus Education,Books,Education,1349.48
PROD0279,Sure Furniture,Home,Furniture,4250.95
PROD0280,  POSITIVE LAPTOP  ,Electronics,Laptop,3064.35
PROD0281,  return mobile  ,Electronics,Mobile,3649.1
PROD0282,Company Shoes,Clothing,Shoes,4544.46
PROD0283,Sometimes Furniture,Home,Furniture,1031.12
PROD0284,My Headphones,Electronics,Headphones,3508.57
PROD0285,Challenge Shoes,Clothing,Shoes,2805.19
PROD0286,Like Appliances,Home,Appliances,3278.73
PROD0287,Collection Decor,Home,Decor,4425.78
PROD0288,Country Fiction,Books,Fiction,3639.83
PROD0289,Others Kitchen,Home,Kitchen,2128.26
PROD0290,  others jeans  ,Clothing,Jeans,2961.76
PROD0291,  RECEIVE BIOGRAPHY  ,Books,Biography,1961.21
PROD0292,Turn Shoes,Clothing,Shoes,4722.98
PROD0293,Child Decor,Home,Decor,2494.24
PROD0294,  simply comics  ,Books,Comics,929.4
PROD0295,Sign Education,Books,Education,2756.47
PROD0296,Member Mobile,Electronics,Mobile,464.22
PROD0297,Wrong Mobile,Electronics,Mobile,4228.47
PROD0298,Her Shirt,Clothing,Shirt,144.79
PROD0299,  amount biography  ,Books,Biography,4676.13
PROD0300,  discuss comics  ,Books,Comics,2115.56
PROD0301,Sort Camera,Electronics,Camera,1504.77
PROD0302,  METHOD EDUCATION  ,Books,Education,829.6
PROD0303,Each Jacket,Clothing,Jacket,1409.89
PROD0304,At Fiction,Books,Fiction,2089.53
PROD0305,Everything Jeans,Clothing,Jeans,4157.5
PROD0306,  HOPE MOBILE  ,Electronics,Mobile,2808.24
PROD0307,East Mobile,Electronics,Mobile,505.16
PROD0308,And Biography,Books,Biography,4304.01
PROD0309,Relate Mobile,Electronics,Mobile,4516.24
PROD0310,  DESIGN BIOGRAPHY  ,Books,Biography,4635.37
PROD0311,National Laptop,Electronics,Laptop,1640.97
PROD0312,Whatever Jeans,Clothing,Jeans,3592.29
PROD0313,Strong Fiction,Books,Fiction,2863.4
PROD0314,Herself Biography,Books,Biography,3724.75
PROD0315,  IMPORTANT CAMERA  ,Electronics,Camera,4209.51
PROD0316,Manager Appliances,Home,Appliances,1699.25
PROD0317,Whose Appliances,Home,Appliances,1843.47
PROD0318,  look comics  ,Books,Comics,1962.36
PROD0319,Upon Kitchen,Home,Kitchen,501.99
PROD0320,Any Shoes,Clothing,Shoes,3206.11
PROD0321,Among Biography,Books,Biography,548.45
PROD0322,Range Appliances,Home,Appliances,1421.86
PROD0323,  GAME SHIRT  ,Clothing,Shirt,2818.23
PROD0324,  BOARD FICTION  ,Books,Fiction,556.01
PROD0325,  SCORE APPLIANCES  ,Home,Appliances,3917.93
PROD0326,Near Jeans,Clothing,Jeans,930.56
PROD0327,Property Decor,Home,Decor,815.08
PROD0328,Themselves Shoes,Clothing,Shoes,1568.79
PROD0329,Eye Camera,Electronics,Camera,1308.29
PROD0330,They Education,Books,Education,763.9
PROD0331,Site Headphones,Electronics,Headphones,3138.94
PROD0332,Everyone Appliances,Home,Appliances,4095.83
PROD0333,Particular Jacket,Clothing,Jacket,4741.67
PROD0334,Off Shoes,Clothing,Shoes,4826.42
PROD0335,Over Decor,Home,Decor,3201.22
PROD0336,Contain Jacket,Clothing,Jacket,4100.82
PROD0337,  however biography  ,Books,Biography,3001.91
PROD0338,Ready Shirt,Clothing,Shirt,2361.95
PROD0339,Human Shoes,Clothing,Shoes,4173.28
PROD0340,History Headphones,Electronics,Headphones,781.98
PROD0341,People Kitchen,Home,Kitchen,855.3
PROD0342,  ready comics  ,Books,Comics,2448.25
PROD0343,Water Comics,Books,Comics,3974.53
PROD0344,  THING FURNITURE  ,Home,Furniture,3357.0
PROD0345,Bank Shirt,Clothing,Shirt,3260.65
PROD0346,Nation Biography,Books,Biography,2209.23
PROD0347,Enter Mobile,Electronics,Mobile,2602.31
PROD0348,However Shoes,Clothing,Shoes,2369.01
PROD0349,Whatever Jacket,Clothing,Jacket,2465.58
PROD0350,Dog Appliances,Home,Appliances,520.69
PROD0351,Name Jacket,Clothing,Jacket,2331.13
PROD0352,Into Shoes,Clothing,Shoes,578.35
PROD0353,  HEAD BIOGRAPHY  ,Books,Biography,3582.82
PROD0354,Technology Camera,Electronics,Camera,3417.98
PROD0355,Trip Jeans,Clothing,Jeans,2804.36
PROD0356,Hair Appliances,Home,Appliances,1236.09
PROD0357,  message education  ,Books,Education,2038.35
PROD0358,Structure Shoes,Clothing,Shoes,2005.3
PROD0359,Meet Jeans,Clothing,Jeans,3548.42
PROD0360,Very Mobile,Electronics,Mobile,2730.76
PROD0361,  PM DECOR  ,Home,Decor,3386.44
PROD0362,According Biography,Books,Biography,3095.41
PROD0363,More Camera,Electronics,Camera,2343.52
PROD0364,Us Jacket,Clothing,Jacket,2991.82
PROD0365,  CHAIR JACKET  ,Clothing,Jacket,996.92
PROD0366,Less Shoes,Clothing,Shoes,775.55
PROD0367,  company comics  ,Books,Comics,3497.82
PROD0368,Drug Jeans,Clothing,Jeans,787.45
PROD0369,Ball Appliances,Home,Appliances,4341.06
PROD0370,  my headphones  ,Electronics,Headphones,4822.76
PROD0371,Question Comics,Books,Comics,2136.59
PROD0372,  fast comics  ,Books,Comics,3999.82
PROD0373,  DEVELOPMENT JACKET  ,Clothing,Jacket,1514.48
PROD0374,Citizen Comics,Books,Comics,654.73
PROD0375,Culture Camera,Electronics,Camera,4134.09
PROD0376,Coach Furniture,Home,Furniture,2262.7
PROD0377,  high shoes  ,Clothing,Shoes,3781.59
PROD0378,Play Furniture,Home,Furniture,1808.03
PROD0379,Series Headphones,Electronics,Headphones,675.19
PROD0380,Technology Jeans,Clothing,Jeans,2980.83
PROD0381,  BY APPLIANCES  ,Home,Appliances,1112.44
PROD0382,Recent Shirt,Clothing,Shirt,2708.18
PROD0383,Drug Jacket,Clothing,Jacket,1533.91
PROD0384,  join furniture  ,Home,Furniture,2116.82
PROD0385,Talk Camera,Electronics,Camera,721.75
PROD0386,  GIVE JEANS  ,Clothing,Jeans,1313.02
PROD0387,  service comics  ,Books,Comics,3176.28
PROD0388,  build comics  ,Books,Comics,3867.53
PROD0389,Meet Biography,Books,Biography,4398.86
PROD0390,Republican Comics,Books,Comics,112.12
PROD0391,Measure Headphones,Electronics,Headphones,3516.72
PROD0392,Measure Headphones,Electronics,Headphones,2205.25
PROD0393,Develop Shoes,Clothing,Shoes,4158.88
PROD0394,Performance Kitchen,Home,Kitchen,2478.16
PROD0395,  color furniture  ,Home,Furniture,4199.84
PROD0396,Radio Mobile,Electronics,Mobile,874.12
PROD0397,These Fiction,Books,Fiction,2196.22
PROD0398,  item jacket  ,Clothing,Jacket,1442.7
PROD0399,  age decor  ,Home,Decor,3279.66
PROD0400,Either Headphones,Electronics,Headphones,3657.34
PROD0401,Animal Shoes,Clothing,Shoes,3548.12
PROD0402,Care Laptop,Electronics,Laptop,750.23
PROD0403,  painting shoes  ,Clothing,Shoes,4103.83
PROD0404,Person Education,Books,Education,1221.84
PROD0405,  COLLEGE MOBILE  ,Electronics,Mobile,1566.35
PROD0406,Center Education,Books,Education,3417.97
PROD0407,Professional Mobile,Electronics,Mobile,904.17
PROD0408,Music Kitchen,Home,Kitchen,841.73
PROD0409,Among Comics,Books,Comics,524.77
PROD0410,Vote Laptop,Electronics,Laptop,2988.91
PROD0411,Page Biography,Books,Biography,1641.07
PROD0412,Choice Jeans,Clothing,Jeans,512.82
PROD0413,Arrive Furniture,Home,Furniture,3326.19
PROD0414,Compare Kitchen,Home,Kitchen,2596.66
PROD0415,Evening Biography,Books,Biography,3940.63
PROD0416,Win Shoes,Clothing,Shoes,1281.3
PROD0417,Couple Mobile,Electronics,Mobile,4676.23
PROD0418,Nation Shoes,Clothing,Shoes,2885.06
PROD0419,Into Kitchen,Home,Kitchen,4776.82
PROD0420,Place Mobile,Electronics,Mobile,167.59
PROD0421,Organization Shirt,Clothing,Shirt,4748.53
PROD0422,Public Biography,Books,Biography,2555.14
PROD0423,After Comics,Books,Comics,503.9
PROD0424,  UNIT JACKET  ,Clothing,Jacket,4612.53
PROD0425,Serve Jacket,Clothing,Jacket,3208.04
PROD0426,Should Camera,Electronics,Camera,3676.8
PROD0427,Recently Shirt,Clothing,Shirt,4630.68
PROD0428,Term Headphones,Electronics,Headphones,369.64
PROD0429,  FEDERAL SHIRT  ,Clothing,Shirt,155.62
PROD0430,Your Biography,Books,Biography,3936.64
PROD0431,Bed Kitchen,Home,Kitchen,3773.9
PROD0432,Direction Furniture,Home,Furniture,243.85
PROD0433,List Biography,Books,Biography,1388.45
PROD0434,Policy Headphones,Electronics,Headphones,1864.61
PROD0435,Market Education,Books,Education,1350.07
PROD0436,Trip Mobile,Electronics,Mobile,2593.24
PROD0437,Meet Mobile,Electronics,Mobile,2411.65
PROD0438,  conference education  ,Books,Education,273.28
PROD0439,Discuss Education,Books,Education,2139.66
PROD0440,Then Decor,Home,Decor,2900.53
PROD0441,  item mobile  ,Electronics,Mobile,4908.93
PROD0442,Plant Fiction,Books,Fiction,4343.56
PROD0443,  CHARACTER DECOR  ,Home,Decor,1907.7
PROD0444,Study Decor,Home,Decor,1288.66
PROD0445,Pass Appliances,Home,Appliances,3901.84
PROD0446,  TEND JEANS  ,Clothing,Jeans,1241.69
PROD0447,Speak Furniture,Home,Furniture,107.16
PROD0448,  court biography  ,Books,Biography,1267.02
PROD0449,Price Fiction,Books,Fiction,797.63
PROD0450,  RECEIVE FURNITURE  ,Home,Furniture,4242.97
PROD0451,Much Biography,Books,Biography,3764.71
PROD0452,Everything Laptop,Electronics,Laptop,2032.32
PROD0453,Computer Headphones,Electronics,Headphones,740.47
PROD0454,Shake Decor,Home,Decor,4637.61
PROD0455,Rich Biography,Books,Biography,1432.58
PROD0456,  guess laptop  ,Electronics,Laptop,633.97
PROD0457,Win Laptop,Electronics,Laptop,1638.76
PROD0458,Long Camera,Electronics,Camera,1117.42
PROD0459,Pick Appliances,Home,Appliances,687.58
PROD0460,Performance Jacket,Clothing,Jacket,3514.7
PROD0461,Authority Laptop,Electronics,Laptop,1706.19
PROD0462,Drug Laptop,Electronics,Laptop,2041.6
PROD0463,Human Camera,Electronics,Camera,4954.32
PROD0464,Image Headphones,Electronics,Headphones,2824.17
PROD0465,Cause Shirt,Clothing,Shirt,4039.09
PROD0466,  boy shirt  ,Clothing,Shirt,4914.58
PROD0467,Admit Jeans,Clothing,Jeans,1923.97
PROD0468,Degree Camera,Electronics,Camera,467.44
PROD0469,Necessary Laptop,Electronics,Laptop,2272.81
PROD0470,Trade Shirt,Clothing,Shirt,4163.85
PROD0471,  WHERE FURNITURE  ,Home,Furniture,923.15
PROD0472,Mother Comics,Books,Comics,1975.37
PROD0473,Return Education,Books,Education,4550.69
PROD0474,Kind Decor,Home,Decor,828.29
PROD0475,The Jacket,Clothing,Jacket,4425.62
PROD0476,  CITIZEN FICTION  ,Books,Fiction,2154.25
PROD0477,Police Shirt,Clothing,Shirt,3931.39
PROD0478,Big Appliances,Home,Appliances,2474.93
PROD0479,Cost Appliances,Home,Appliances,227.71
PROD0480,Maybe Shirt,Clothing,Shirt,3914.84
PROD0481,Week Headphones,Electronics,Headphones,3857.53
PROD0482,  possible jeans  ,Clothing,Jeans,1405.98
PROD0483,Plan Laptop,Electronics,Laptop,4915.06
PROD0484,American Biography,Books,Biography,4958.56
PROD0485,Understand Jeans,Clothing,Jeans,1658.22
PROD0486,Step Furniture,Home,Furniture,1823.24
PROD0487,Night Jeans,Clothing,Jeans,4070.97
PROD0488,  MOST BIOGRAPHY  ,Books,Biography,375.22
PROD0489,Soldier Shirt,Clothing,Shirt,103.35
PROD0490,Buy Jeans,Clothing,Jeans,969.55
PROD0491,  better furniture  ,Home,Furniture,4594.4
PROD0492,Meet Camera,Electronics,Camera,1930.59
PROD0493,Receive Fiction,Books,Fiction,1680.76
PROD0494,Case Shoes,Clothing,Shoes,4807.24
PROD0495,Week Kitchen,Home,Kitchen,2853.69
PROD0496,Player Kitchen,Home,Kitchen,4090.83
PROD0497,Notice Biography,Books,Biography,1543.13
PROD0498,Their Shirt,Clothing,Shirt,4748.62
PROD0499,  ABILITY FICTION  ,Books,Fiction,4063.15
PROD0500,Watch Shirt,Clothing,Shirt,789.15
