order_id,customer_id,order_date,status
ORD00001,CUST0086,2024-03-20 07:22:00,PLACED
ORD00002,CUST0229,2025-11-17 00:00:00,SHIPPED
ORD00003,CUST0403,2024-09-12 22:04:00,PLACED
ORD00004,CUST0497,2024-02-19 12:28:00,CANCELLED
ORD00005,CUST0052,2025-05-19 12:22:00,RETURNED
ORD00006,CUST0038,2025-10-28 21:14:00,PLACED
ORD00007,CUST0054,2024-10-28 00:20:00,SHIPPED
ORD00008,CUST0483,2025-01-19 05:46:00,PLACED
ORD00009,CUST0361,2024-12-12 00:00:00,SHIPPED
ORD00010,CUST0170,2025-09-13 13:10:00,SHIPPED
ORD00011,CUST0374,2025-02-23 22:35:00,DELIVERED
ORD00012,UNKNOWN,2024-10-31 07:06:00,CANCELLED
ORD00013,UNKNOWN,2024-06-06 01:23:00,RETURNED
ORD00014,UNKNOWN,2025-05-06 06:06:00,DELIVERED
ORD00015,CUST0402,2024-03-24 15:54:00,CANCELLED
ORD00016,CUST0199,2025-11-07 08:05:00,CANCELLED
ORD00017,UNKNOWN,2025-01-13 05:28:00,DELIVERED
ORD00018,CUST0386,2024-08-19 08:36:00,PLACED
ORD00019,CUST0212,2024-03-28 21:22:00,RETURNED
ORD00020,CUST0420,2024-08-20 17:03:00,RETURNED
ORD00021,CUST0154,2025-05-01 18:56:00,PLACED
ORD00022,CUST0293,2025-05-29 18:57:00,RETURNED
ORD00023,CUST0486,2024-05-30 03:48:00,SHIPPED
ORD00024,CUST0350,2024-07-16 04:02:00,SHIPPED
ORD00025,CUST0469,2025-09-01 08:20:00,PLACED
ORD00026,CUST0439,2025-02-01 17:25:00,CANCELLED
ORD00027,CUST0401,2024-01-13 22:39:00,CANCELLED
ORD00028,CUST0389,2024-06-02 04:36:00,PLACED
ORD00029,CUST0147,2024-04-18 18:49:00,DELIVERED
ORD00030,CUST0293,2025-02-24 08:24:00,PLACED
ORD00031,CUST0312,2024-06-25 08:25:00,CANCELLED
ORD00032,CUST0354,2024-02-09 12:56:00,CANCELLED
ORD00033,CUST0407,2024-10-02 11:01:00,DELIVERED
ORD00034,CUST0445,2025-05-18 22:43:00,DELIVERED
ORD00035,CUST0310,2025-03-29 10:17:00,SHIPPED
ORD00036,CUST0380,2025-03-28 06:58:00,RETURNED
ORD00037,CUST0034,2025-01-17 01:32:00,RETURNED
ORD00038,CUST0451,2025-02-17 04:49:00,SHIPPED
ORD00039,CUST0017,2024-07-16 06:53:00,DELIVERED
ORD00040,CUST0259,2024-07-22 08:23:00,PLACED
ORD00041,CUST0305,2025-11-28 00:15:00,CANCELLED
ORD00042,CUST0429,2025-08-23 17:22:00,PLACED
ORD00043,UNKNOWN,2024-10-18 00:24:00,SHIPPED
ORD00044,CUST0138,2024-08-14 20:14:00,RETURNED
ORD00045,CUST0068,2024-01-21 21:00:00,RETURNED
ORD00046,CUST0483,2024-01-09 07:16:00,DELIVERED
ORD00047,CUST0130,2025-03-09 12:54:00,DELIVERED
ORD00048,CUST0300,2025-11-24 16:52:00,RETURNED
ORD00049,CUST0312,2025-11-09 11:35:00,PLACED
ORD00050,CUST0328,2025-05-08 02:21:00,DELIVERED
ORD00051,CUST0334,2024-09-24 20:45:00,SHIPPED
ORD00052,CUST0439,2025-06-13 07:57:00,RETURNED
ORD00053,CUST0370,2025-02-17 00:00:00,CANCELLED
ORD00054,CUST0199,2024-10-29 08:58:00,RETURNED
ORD00055,CUST0114,2025-08-08 06:21:00,CANCELLED
ORD00056,CUST0088,2025-11-18 11:32:00,RETURNED
ORD00057,CUST0380,2024-07-04 09:06:00,RETURNED
ORD00058,CUST0046,2024-07-06 21:57:00,SHIPPED
ORD00059,CUST0191,2024-11-10 13:50:00,DELIVERED
ORD00060,CUST0325,2025-04-19 03:30:00,RETURNED
ORD00061,CUST0062,2024-03-13 15:56:00,CANCELLED
ORD00062,CUST0438,2025-06-26 09:26:00,SHIPPED
ORD00063,CUST0235,2024-12-16 13:36:00,SHIPPED
ORD00064,CUST0091,2024-03-23 15:21:00,PLACED
ORD00065,CUST0397,2024-01-05 14:17:00,SHIPPED
ORD00066,CUST0325,2025-05-16 02:08:00,CANCELLED
ORD00067,UNKNOWN,2025-05-03 12:00:00,DELIVERED
ORD00068,CUST0098,2024-01-15 00:00:00,PLACED
ORD00069,CUST0450,2025-10-03 23:15:00,SHIPPED
ORD00070,CUST0086,2024-04-15 12:32:00,PLACED
ORD00071,CUST0306,2024-11-01 09:29:00,CANCELLED
ORD00072,CUST0385,2024-05-17 10:57:00,CANCELLED
ORD00073,CUST0068,2024-01-20 07:14:00,PLACED
ORD00074,CUST0365,2025-08-26 16:10:00,PLACED
ORD00075,CUST0320,2025-01-19 00:00:00,PLACED
ORD00076,CUST0025,2025-11-08 03:41:00,CANCELLED
ORD00077,CUST0243,2025-03-30 12:07:00,SHIPPED
ORD00078,CUST0052,2025-10-07 00:19:00,DELIVERED
ORD00079,CUST0426,2025-09-29 19:44:00,RETURNED
ORD00080,CUST0055,2025-09-24 03:18:00,RETURNED
ORD00081,CUST0104,2024-07-23 08:53:00,CANCELLED
ORD00082,CUST0467,2024-10-29 05:02:00,CANCELLED
ORD00083,UNKNOWN,2024-12-04 07:00:00,PLACED
ORD00084,CUST0047,2025-08-10 21:31:00,PLACED
ORD00085,CUST0152,2024-04-13 08:41:00,PLACED
ORD00086,UNKNOWN,2024-04-12 05:55:00,DELIVERED
ORD00087,CUST0389,2025-03-12 23:07:00,PLACED
ORD00088,CUST0184,2024-05-21 21:41:00,RETURNED
ORD00089,CUST0176,2024-10-01 23:05:00,CANCELLED
ORD00090,CUST0354,2025-02-13 14:17:00,CANCELLED
ORD00091,CUST0372,2025-10-26 05:07:00,SHIPPED
ORD00092,CUST0411,2024-04-16 13:58:00,CANCELLED
ORD00093,CUST0314,2024-07-04 00:00:00,SHIPPED
ORD00094,CUST0226,2025-05-09 00:00:00,DELIVERED
ORD00095,CUST0348,2025-11-01 10:00:00,RETURNED
ORD00096,CUST0266,2025-08-01 07:42:00,RETURNED
ORD00097,CUST0247,2024-04-07 13:42:00,CANCELLED
ORD00098,CUST0028,2024-06-01 00:00:00,SHIPPED
ORD00099,CUST0085,2025-06-01 15:54:00,CANCELLED
ORD00100,CUST0026,2024-11-24 07:21:00,RETURNED
ORD00101,CUST0041,2025-10-20 12:25:00,RETURNED
ORD00102,CUST0162,2025-04-03 02:54:00,CANCELLED
ORD00103,CUST0019,2025-10-31 00:06:00,PLACED
ORD00104,CUST0456,2024-04-03 19:39:00,SHIPPED
ORD00105,CUST0187,2025-11-01 21:29:00,SHIPPED
ORD00106,CUST0308,2025-04-10 10:35:00,DELIVERED
ORD00107,CUST0114,2025-04-08 00:00:00,DELIVERED
ORD00108,CUST0360,2025-10-10 09:35:00,SHIPPED
ORD00109,CUST0370,2025-05-19 04:52:00,DELIVERED
ORD00110,CUST0437,2025-09-17 06:12:00,CANCELLED
ORD00111,CUST0213,2024-07-14 00:00:00,RETURNED
ORD00112,CUST0490,2024-05-06 14:29:00,CANCELLED
ORD00113,UNKNOWN,2024-01-05 16:47:00,RETURNED
ORD00114,CUST0091,2025-05-09 16:49:00,SHIPPED
ORD00115,CUST0311,2024-05-11 03:24:00,RETURNED
ORD00116,CUST0391,2025-01-28 13:38:00,CANCELLED
ORD00117,CUST0071,2024-12-17 09:28:00,RETURNED
ORD00118,CUST0365,2024-11-02 22:35:00,RETURNED
ORD00119,CUST0366,2025-10-09 06:12:00,DELIVERED
ORD00120,CUST0491,2025-11-19 04:45:00,RETURNED
ORD00121,CUST0181,2025-10-14 10:45:00,RETURNED
ORD00122,CUST0383,2025-08-07 21:45:00,RETURNED
ORD00123,UNKNOWN,2024-10-19 13:51:00,CANCELLED
ORD00124,CUST0137,2024-05-28 01:42:00,SHIPPED
ORD00125,CUST0032,2024-10-20 21:16:00,DELIVERED
ORD00126,CUST0232,2024-07-27 17:02:00,RETURNED
ORD00127,CUST0122,2024-08-17 23:41:00,DELIVERED
ORD00128,CUST0214,2025-11-11 01:59:00,DELIVERED
ORD00129,CUST0104,2025-07-19 01:00:00,CANCELLED
ORD00130,CUST0189,2024-08-18 20:45:00,RETURNED
ORD00131,CUST0100,2025-09-09 06:49:00,SHIPPED
ORD00132,CUST0377,2025-11-30 02:11:00,CANCELLED
ORD00133,CUST0067,2024-02-11 13:17:00,DELIVERED
ORD00134,CUST0080,2024-01-06 00:00:00,DELIVERED
ORD00135,CUST0316,2025-09-03 01:49:00,DELIVERED
ORD00136,CUST0402,2025-05-17 18:35:00,RETURNED
ORD00137,CUST0259,2024-08-13 05:33:00,RETURNED
ORD00138,CUST0453,2025-07-03 12:05:00,DELIVERED
ORD00139,CUST0386,2024-12-05 11:18:00,CANCELLED
ORD00140,CUST0178,2025-07-28 20:00:00,RETURNED
ORD00141,CUST0165,2025-09-28 07:02:00,PLACED
ORD00142,CUST0013,2025-01-30 08:34:00,DELIVERED
ORD00143,CUST0152,2025-06-10 16:28:00,SHIPPED
ORD00144,CUST0086,2024-11-24 16:05:00,RETURNED
ORD00145,CUST0344,2025-06-30 00:40:00,SHIPPED
ORD00146,CUST0360,2025-03-10 03:13:00,CANCELLED
ORD00147,CUST0013,2025-10-24 02:47:00,DELIVERED
ORD00148,CUST0407,2024-02-08 02:04:00,PLACED
ORD00149,CUST0199,2025-08-11 07:58:00,CANCELLED
ORD00150,CUST0061,2025-03-19 10:01:00,RETURNED
ORD00151,UNKNOWN,2024-03-05 23:37:00,DELIVERED
ORD00152,CUST0155,2025-05-29 03:18:00,DELIVERED
ORD00153,CUST0016,2025-03-24 12:25:00,RETURNED
ORD00154,CUST0409,2024-08-13 04:47:00,DELIVERED
ORD00155,CUST0469,2025-10-11 04:19:00,DELIVERED
ORD00156,CUST0064,2024-01-12 00:00:00,RETURNED
ORD00157,CUST0044,2025-09-02 12:34:00,DELIVERED
ORD00158,CUST0263,2024-08-04 13:57:00,SHIPPED
ORD00159,CUST0059,2024-08-14 19:53:00,RETURNED
ORD00160,CUST0038,2024-02-25 17:29:00,PLACED
ORD00161,CUST0250,2024-09-13 03:12:00,DELIVERED
ORD00162,CUST0146,2024-05-11 21:41:00,SHIPPED
ORD00163,CUST0338,2024-11-21 15:28:00,RETURNED
ORD00164,CUST0162,2024-06-05 18:36:00,SHIPPED
ORD00165,CUST0365,2024-01-05 10:15:00,CANCELLED
ORD00166,CUST0170,2024-10-10 11:08:00,CANCELLED
ORD00167,CUST0283,2025-04-01 11:49:00,RETURNED
ORD00168,CUST0457,2024-03-24 08:54:00,DELIVERED
ORD00169,CUST0010,2025-10-03 02:46:00,PLACED
ORD00170,CUST0109,2025-08-18 18:25:00,RETURNED
ORD00171,CUST0242,2024-09-23 17:57:00,SHIPPED
ORD00172,CUST0302,2025-01-09 12:14:00,DELIVERED
ORD00173,CUST0204,2024-05-17 14:32:00,PLACED
ORD00174,CUST0315,2025-11-09 07:54:00,RETURNED
ORD00175,CUST0486,2024-05-23 14:10:00,SHIPPED
ORD00176,CUST0250,2025-05-10 11:02:00,DELIVERED
ORD00177,CUST0266,2025-01-13 07:02:00,DELIVERED
ORD00178,CUST0024,2025-02-01 00:00:00,DELIVERED
ORD00179,CUST0141,2024-04-15 22:33:00,DELIVERED
ORD00180,CUST0335,2025-08-15 17:36:00,RETURNED
ORD00181,CUST0499,2025-10-31 02:33:00,RETURNED
ORD00182,CUST0250,2025-02-19 11:52:00,RETURNED
ORD00183,CUST0085,2024-01-07 16:56:00,RETURNED
ORD00184,CUST0081,2025-10-20 08:13:00,PLACED
ORD00185,CUST0369,2025-11-07 07:26:00,CANCELLED
ORD00186,CUST0427,2025-05-05 06:37:00,SHIPPED
ORD00187,CUST0069,2024-02-14 04:36:00,PLACED
ORD00188,CUST0473,2025-08-09 04:03:00,CANCELLED
ORD00189,UNKNOWN,2025-09-05 18:40:00,DELIVERED
ORD00190,CUST0242,2024-03-28 06:28:00,SHIPPED
ORD00191,CUST0299,2024-08-12 13:38:00,SHIPPED
ORD00192,CUST0371,2025-09-30 21:32:00,CANCELLED
ORD00193,CUST0198,2025-09-02 18:04:00,PLACED
ORD00194,CUST0351,2024-07-26 16:55:00,SHIPPED
ORD00195,CUST0315,2025-09-12 03:11:00,RETURNED
ORD00196,CUST0067,2025-05-30 03:05:00,RETURNED
ORD00197,CUST0216,2024-01-02 21:41:00,PLACED
ORD00198,CUST0247,2025-06-26 13:14:00,CANCELLED
ORD00199,CUST0390,2024-12-24 18:51:00,RETURNED
ORD00200,CUST0393,2024-04-10 13:08:00,PLACED
ORD00201,CUST0132,2024-10-17 19:56:00,PLACED
ORD00202,CUST0193,2025-08-14 16:07:00,DELIVERED
ORD00203,CUST0334,2025-02-22 11:06:00,DELIVERED
ORD00204,CUST0142,2025-07-02 13:36:00,CANCELLED
ORD00205,CUST0248,2024-07-27 13:35:00,RETURNED
ORD00206,CUST0296,2025-07-22 15:16:00,CANCELLED
ORD00207,CUST0229,2024-05-21 21:07:00,SHIPPED
ORD00208,CUST0174,2024-04-12 06:32:00,RETURNED
ORD00209,CUST0494,2025-12-01 22:03:00,PLACED
ORD00210,CUST0046,2024-05-28 15:59:00,SHIPPED
ORD00211,UNKNOWN,2025-01-14 02:38:00,CANCELLED
ORD00212,CUST0494,2025-09-20 20:33:00,SHIPPED
ORD00213,UNKNOWN,2025-10-17 15:28:00,RETURNED
ORD00214,CUST0262,2024-10-19 06:02:00,SHIPPED
ORD00215,UNKNOWN,2025-09-21 05:43:00,PLACED
ORD00216,CUST0181,2024-06-10 02:17:00,CANCELLED
ORD00217,UNKNOWN,2025-08-23 06:33:00,PLACED
ORD00218,CUST0469,2025-07-16 09:46:00,DELIVERED
ORD00219,CUST0233,2024-10-10 07:38:00,RETURNED
ORD00220,CUST0055,2024-01-05 08:11:00,RETURNED
ORD00221,CUST0490,2024-10-28 10:07:00,RETURNED
ORD00222,CUST0194,2025-08-11 08:44:00,SHIPPED
ORD00223,CUST0301,2024-12-13 14:43:00,CANCELLED
ORD00224,CUST0404,2024-04-29 08:04:00,SHIPPED
ORD00225,CUST0005,2024-11-19 13:22:00,DELIVERED
ORD00226,CUST0384,2024-09-11 09:05:00,PLACED
ORD00227,CUST0112,2025-07-21 05:30:00,DELIVERED
ORD00228,CUST0098,2024-07-06 23:43:00,SHIPPED
ORD00229,CUST0106,2024-08-28 23:15:00,SHIPPED
ORD00230,CUST0062,2025-09-25 11:09:00,CANCELLED
ORD00231,CUST0491,2025-09-20 00:00:00,CANCELLED
ORD00232,CUST0452,2025-01-15 19:20:00,DELIVERED
ORD00233,CUST0144,2025-05-17 05:48:00,RETURNED
ORD00234,CUST0245,2024-05-11 01:33:00,PLACED
ORD00235,CUST0398,2025-05-29 11:25:00,PLACED
ORD00236,CUST0007,2025-06-14 14:20:00,CANCELLED
ORD00237,CUST0442,2025-08-17 03:20:00,RETURNED
ORD00238,CUST0314,2024-09-26 07:17:00,SHIPPED
ORD00239,CUST0386,2025-05-25 13:13:00,CANCELLED
ORD00240,CUST0295,2024-10-13 14:11:00,PLACED
ORD00241,CUST0196,2024-10-03 07:35:00,SHIPPED
ORD00242,CUST0069,2025-04-29 00:11:00,RETURNED
ORD00243,CUST0154,2025-06-30 23:20:00,RETURNED
ORD00244,CUST0031,2024-02-18 12:06:00,DELIVERED
ORD00245,CUST0172,2025-05-02 20:06:00,DELIVERED
ORD00246,CUST0177,2025-07-27 00:00:00,PLACED
ORD00247,CUST0295,2024-12-25 21:38:00,RETURNED
ORD00248,CUST0262,2024-06-27 09:22:00,CANCELLED
ORD00249,CUST0324,2024-03-21 12:39:00,SHIPPED
ORD00250,CUST0293,2025-10-17 10:26:00,PLACED
ORD00251,CUST0163,2024-03-22 05:21:00,DELIVERED
ORD00252,CUST0228,2025-09-11 20:25:00,DELIVERED
ORD00253,CUST0095,2025-08-24 16:28:00,SHIPPED
ORD00254,CUST0359,2024-08-28 21:16:00,SHIPPED
ORD00255,CUST0480,2024-06-19 12:06:00,RETURNED
ORD00256,CUST0392,2024-02-25 00:49:00,PLACED
ORD00257,CUST0477,2024-09-25 19:09:00,DELIVERED
ORD00258,CUST0321,2024-08-22 07:47:00,RETURNED
ORD00259,CUST0441,2024-06-23 00:02:00,CANCELLED
ORD00260,CUST0228,2025-04-23 17:59:00,RETURNED
ORD00261,CUST0384,2024-06-30 18:38:00,RETURNED
ORD00262,CUST0159,2025-03-21 16:40:00,CANCELLED
ORD00263,CUST0158,2025-07-06 07:51:00,DELIVERED
ORD00264,UNKNOWN,2024-06-08 09:00:00,SHIPPED
ORD00265,CUST0353,2024-12-18 09:30:00,CANCELLED
ORD00266,CUST0150,2024-11-02 00:49:00,PLACED
ORD00267,CUST0288,2025-07-15 11:12:00,SHIPPED
ORD00268,CUST0425,2024-06-16 22:47:00,DELIVERED
ORD00269,CUST0392,2024-03-22 13:40:00,RETURNED
ORD00270,CUST0415,2024-10-05 09:41:00,SHIPPED
ORD00271,CUST0327,2024-03-11 05:08:00,CANCELLED
ORD00272,CUST0165,2024-10-05 00:00:00,PLACED
ORD00273,CUST0145,2025-07-01 00:11:00,CANCELLED
ORD00274,CUST0253,2024-01-09 07:05:00,CANCELLED
ORD00275,CUST0406,2024-11-15 00:00:00,PLACED
ORD00276,CUST0037,2024-05-29 01:17:00,SHIPPED
ORD00277,CUST0007,2024-07-15 08:52:00,SHIPPED
ORD00278,CUST0018,2025-01-29 14:15:00,PLACED
ORD00279,CUST0349,2025-06-17 21:13:00,DELIVERED
ORD00280,UNKNOWN,2024-06-11 20:46:00,RETURNED
ORD00281,CUST0102,2024-05-05 08:30:00,PLACED
ORD00282,CUST0223,2025-11-13 06:07:00,SHIPPED
ORD00283,CUST0125,2024-10-09 00:00:00,PLACED
ORD00284,CUST0080,2025-08-18 22:30:00,PLACED
ORD00285,CUST0317,2024-09-11 05:31:00,PLACED
ORD00286,CUST0275,2024-03-02 11:41:00,SHIPPED
ORD00287,CUST0404,2025-05-14 07:20:00,DELIVERED
ORD00288,UNKNOWN,2025-03-25 23:12:00,SHIPPED
ORD00289,CUST0287,2024-09-13 01:31:00,CANCELLED
ORD00290,CUST0166,2024-07-13 18:11:00,DELIVERED
ORD00291,CUST0080,2025-09-05 17:10:00,DELIVERED
ORD00292,UNKNOWN,2025-07-08 11:29:00,CANCELLED
ORD00293,CUST0398,2024-07-08 00:39:00,DELIVERED
ORD00294,CUST0098,2024-03-05 21:34:00,CANCELLED
ORD00295,CUST0210,2025-07-18 04:39:00,PLACED
ORD00296,CUST0428,2024-04-08 16:42:00,SHIPPED
ORD00297,CUST0051,2024-02-02 00:00:00,CANCELLED
ORD00298,CUST0303,2025-11-04 15:33:00,DELIVERED
ORD00299,CUST0477,2024-08-14 19:45:00,CANCELLED
ORD00300,CUST0185,2024-03-22 14:51:00,CANCELLED
ORD00301,CUST0137,2025-01-12 22:03:00,PLACED
ORD00302,CUST0050,2024-11-07 02:13:00,SHIPPED
ORD00303,CUST0337,2025-06-28 12:12:00,SHIPPED
ORD00304,CUST0055,2025-07-25 23:35:00,RETURNED
ORD00305,CUST0219,2025-01-01 21:29:00,SHIPPED
ORD00306,CUST0337,2024-07-03 17:25:00,RETURNED
ORD00307,CUST0167,2025-03-29 11:57:00,CANCELLED
ORD00308,CUST0312,2025-10-10 13:52:00,RETURNED
ORD00309,CUST0382,2024-08-07 12:49:00,CANCELLED
ORD00310,CUST0146,2025-04-03 12:00:00,RETURNED
ORD00311,CUST0114,2024-05-18 09:00:00,DELIVERED
ORD00312,CUST0284,2024-01-23 22:52:00,RETURNED
ORD00313,UNKNOWN,2025-08-08 04:06:00,SHIPPED
ORD00314,CUST0120,2024-09-28 11:56:00,DELIVERED
ORD00315,CUST0112,2024-04-04 18:25:00,DELIVERED
ORD00316,CUST0354,2025-05-09 05:31:00,PLACED
ORD00317,UNKNOWN,2025-09-01 20:19:00,CANCELLED
ORD00318,CUST0179,2024-03-21 01:58:00,CANCELLED
ORD00319,CUST0383,2025-03-02 03:55:00,RETURNED
ORD00320,CUST0028,2024-01-12 20:49:00,PLACED
ORD00321,CUST0258,2024-11-22 17:36:00,SHIPPED
ORD00322,CUST0498,2024-02-21 21:46:00,RETURNED
ORD00323,CUST0149,2025-08-12 16:05:00,SHIPPED
ORD00324,CUST0382,2024-05-15 00:00:00,CANCELLED
ORD00325,CUST0397,2024-09-25 02:25:00,SHIPPED
ORD00326,CUST0334,2025-05-07 17:12:00,RETURNED
ORD00327,CUST0037,2025-09-22 23:33:00,CANCELLED
ORD00328,CUST0058,2024-11-27 21:59:00,CANCELLED
ORD00329,CUST0305,2025-01-09 11:12:00,DELIVERED
ORD00330,CUST0412,2024-06-22 11:39:00,SHIPPED
ORD00331,CUST0103,2025-03-27 01:59:00,SHIPPED
ORD00332,CUST0486,2024-03-28 03:47:00,SHIPPED
ORD00333,CUST0057,2024-10-21 00:21:00,CANCELLED
ORD00334,CUST0109,2024-01-24 10:13:00,RETURNED
ORD00335,CUST0073,2024-09-21 17:30:00,PLACED
ORD00336,CUST0023,2025-01-20 18:57:00,PLACED
ORD00337,CUST0139,2024-10-17 06:50:00,PLACED
ORD00338,CUST0437,2024-03-09 12:42:00,DELIVERED
ORD00339,CUST0333,2024-04-20 00:18:00,CANCELLED
ORD00340,CUST0249,2025-06-04 22:06:00,RETURNED
ORD00341,CUST0235,2024-03-31 05:12:00,PLACED
ORD00342,CUST0171,2024-02-10 07:59:00,SHIPPED
ORD00343,CUST0321,2024-01-19 11:43:00,RETURNED
ORD00344,CUST0199,2024-10-09 01:40:00,PLACED
ORD00345,CUST0460,2025-07-22 08:14:00,SHIPPED
ORD00346,CUST0348,2024-03-30 23:24:00,SHIPPED
ORD00347,CUST0497,2025-03-03 07:36:00,RETURNED
ORD00348,CUST0335,2024-12-03 14:34:00,RETURNED
ORD00349,CUST0353,2025-12-01 06:55:00,RETURNED
ORD00350,CUST0075,2024-05-18 13:58:00,RETURNED
ORD00351,CUST0486,2024-06-10 10:04:00,SHIPPED
ORD00352,UNKNOWN,2024-11-21 04:46:00,CANCELLED
ORD00353,CUST0421,2025-02-25 09:28:00,DELIVERED
ORD00354,CUST0014,2024-06-04 06:06:00,RETURNED
ORD00355,CUST0119,2025-09-23 08:38:00,SHIPPED
ORD00356,CUST0245,2024-01-27 11:05:00,RETURNED
ORD00357,CUST0437,2025-04-25 22:41:00,CANCELLED
ORD00358,CUST0210,2024-05-20 05:12:00,PLACED
ORD00359,CUST0104,2024-10-03 13:14:00,PLACED
ORD00360,CUST0353,2024-06-30 14:55:00,CANCELLED
ORD00361,CUST0312,2024-09-09 13:25:00,CANCELLED
ORD00362,CUST0293,2024-11-16 12:39:00,RETURNED
ORD00363,UNKNOWN,2025-10-18 22:50:00,CANCELLED
ORD00364,CUST0377,2024-02-13 00:00:00,CANCELLED
ORD00365,CUST0226,2025-06-12 20:03:00,DELIVERED
ORD00366,CUST0314,2024-10-19 14:10:00,RETURNED
ORD00367,CUST0047,2024-05-25 14:53:00,PLACED
ORD00368,CUST0070,2024-07-03 18:57:00,DELIVERED
ORD00369,CUST0460,2025-04-06 00:11:00,SHIPPED
ORD00370,CUST0333,2025-04-10 02:16:00,SHIPPED
ORD00371,CUST0325,2024-05-06 02:07:00,RETURNED
ORD00372,CUST0314,2025-01-28 23:50:00,CANCELLED
ORD00373,CUST0468,2025-07-17 12:02:00,SHIPPED
ORD00374,CUST0027,2024-06-15 04:11:00,DELIVERED
ORD00375,CUST0461,2025-04-01 09:40:00,SHIPPED
ORD00376,CUST0235,2024-01-04 19:48:00,CANCELLED
ORD00377,CUST0122,2025-07-10 00:38:00,CANCELLED
ORD00378,CUST0308,2025-04-09 00:00:00,RETURNED
ORD00379,CUST0423,2024-10-11 19:40:00,SHIPPED
ORD00380,CUST0075,2024-05-31 01:41:00,RETURNED
ORD00381,CUST0026,2025-09-09 09:21:00,SHIPPED
ORD00382,CUST0355,2024-06-14 21:18:00,RETURNED
ORD00383,CUST0185,2025-07-29 05:29:00,PLACED
ORD00384,CUST0420,2024-11-02 10:23:00,CANCELLED
ORD00385,CUST0063,2025-07-17 02:18:00,DELIVERED
ORD00386,CUST0357,2024-12-03 16:26:00,PLACED
ORD00387,CUST0271,2024-04-21 18:46:00,CANCELLED
ORD00388,CUST0435,2025-09-11 22:18:00,RETURNED
ORD00389,CUST0315,2025-08-11 19:22:00,RETURNED
ORD00390,CUST0453,2025-10-09 15:31:00,DELIVERED
ORD00391,UNKNOWN,2024-07-17 00:07:00,PLACED
ORD00392,CUST0171,2024-07-31 19:26:00,SHIPPED
ORD00393,CUST0131,2024-01-12 20:12:00,DELIVERED
ORD00394,CUST0004,2024-11-03 16:35:00,DELIVERED
ORD00395,CUST0492,2024-12-15 00:00:00,SHIPPED
ORD00396,CUST0345,2024-07-17 10:53:00,CANCELLED
ORD00397,CUST0322,2024-02-06 20:08:00,RETURNED
ORD00398,CUST0476,2024-12-09 14:50:00,RETURNED
ORD00399,CUST0285,2024-11-02 18:46:00,SHIPPED
ORD00400,CUST0455,2025-08-14 21:21:00,PLACED
ORD00401,UNKNOWN,2024-06-01 08:53:00,RETURNED
ORD00402,CUST0305,2024-06-18 18:38:00,DELIVERED
ORD00403,CUST0045,2024-11-18 22:02:00,SHIPPED
ORD00404,CUST0111,2025-01-15 14:53:00,SHIPPED
ORD00405,UNKNOWN,2024-04-24 11:50:00,PLACED
ORD00406,CUST0464,2025-03-30 16:01:00,SHIPPED
ORD00407,CUST0159,2024-12-14 15:46:00,SHIPPED
ORD00408,CUST0106,2024-04-10 16:43:00,CANCELLED
ORD00409,CUST0003,2025-01-31 22:55:00,PLACED
ORD00410,CUST0024,2025-08-31 02:21:00,DELIVERED
ORD00411,CUST0457,2024-01-24 18:48:00,SHIPPED
ORD00412,CUST0396,2024-07-16 09:17:00,PLACED
ORD00413,CUST0008,2024-10-06 04:10:00,RETURNED
ORD00414,CUST0282,2025-06-10 03:13:00,SHIPPED
ORD00415,CUST0160,2024-10-17 18:15:00,DELIVERED
ORD00416,CUST0242,2025-07-07 14:03:00,PLACED
ORD00417,CUST0201,2024-04-18 12:03:00,RETURNED
ORD00418,CUST0229,2025-08-29 20:53:00,DELIVERED
ORD00419,CUST0415,2024-12-06 06:45:00,CANCELLED
ORD00420,CUST0471,2025-08-04 04:05:00,PLACED
ORD00421,CUST0393,2025-04-11 09:43:00,SHIPPED
ORD00422,CUST0133,2024-08-17 04:55:00,CANCELLED
ORD00423,CUST0404,2024-07-06 22:58:00,DELIVERED
ORD00424,CUST0058,2025-04-09 15:01:00,CANCELLED
ORD00425,CUST0295,2024-06-23 09:49:00,PLACED
ORD00426,CUST0285,2025-02-19 22:50:00,DELIVERED
ORD00427,CUST0123,2025-06-29 14:25:00,RETURNED
ORD00428,CUST0107,2024-06-11 15:24:00,RETURNED
ORD00429,CUST0279,2025-03-17 13:36:00,SHIPPED
ORD00430,CUST0365,2025-11-09 21:04:00,CANCELLED
ORD00431,CUST0285,2024-04-27 18:38:00,CANCELLED
ORD00432,CUST0056,2024-06-29 09:25:00,RETURNED
ORD00433,CUST0032,2025-01-23 10:31:00,SHIPPED
ORD00434,UNKNOWN,2025-08-17 20:51:00,SHIPPED
ORD00435,CUST0296,2025-04-08 17:18:00,SHIPPED
ORD00436,CUST0468,2025-11-28 10:19:00,CANCELLED
ORD00437,UNKNOWN,2024-12-18 02:37:00,CANCELLED
ORD00438,CUST0282,2024-05-10 09:03:00,PLACED
ORD00439,CUST0444,2025-07-27 00:00:00,CANCELLED
ORD00440,CUST0196,2025-08-27 12:40:00,CANCELLED
ORD00441,CUST0072,2025-07-12 06:42:00,CANCELLED
ORD00442,CUST0447,2025-01-03 13:09:00,SHIPPED
ORD00443,UNKNOWN,2024-01-12 02:41:00,CANCELLED
ORD00444,CUST0329,2025-11-04 13:08:00,CANCELLED
ORD00445,CUST0261,2025-09-10 13:39:00,CANCELLED
ORD00446,CUST0310,2025-01-28 00:00:00,CANCELLED
ORD00447,CUST0475,2024-08-30 22:32:00,DELIVERED
ORD00448,CUST0189,2024-02-04 01:36:00,CANCELLED
ORD00449,CUST0440,2024-03-22 04:46:00,DELIVERED
ORD00450,CUST0313,2025-04-21 16:05:00,CANCELLED
ORD00451,CUST0040,2025-10-07 23:42:00,RETURNED
ORD00452,CUST0176,2025-08-16 09:39:00,PLACED
ORD00453,CUST0294,2025-04-25 14:32:00,CANCELLED
ORD00454,CUST0356,2024-12-27 09:18:00,DELIVERED
ORD00455,CUST0297,2025-07-31 08:03:00,PLACED
ORD00456,CUST0014,2025-11-03 09:51:00,PLACED
ORD00457,CUST0143,2024-05-09 16:04:00,RETURNED
ORD00458,CUST0380,2024-10-14 08:54:00,SHIPPED
ORD00459,CUST0190,2025-08-28 23:09:00,DELIVERED
ORD00460,CUST0442,2024-08-29 00:00:00,PLACED
ORD00461,CUST0429,2024-05-28 19:59:00,CANCELLED
ORD00462,CUST0327,2025-01-27 07:42:00,RETURNED
ORD00463,CUST0420,2024-12-19 01:41:00,SHIPPED
ORD00464,CUST0383,2025-04-20 12:30:00,RETURNED
ORD00465,CUST0243,2024-08-27 12:43:00,RETURNED
ORD00466,CUST0230,2025-03-21 00:18:00,DELIVERED
ORD00467,CUST0273,2025-06-26 21:02:00,CANCELLED
ORD00468,CUST0139,2025-09-17 20:54:00,PLACED
ORD00469,CUST0396,2024-09-18 20:37:00,SHIPPED
ORD00470,CUST0173,2025-11-19 18:49:00,SHIPPED
ORD00471,CUST0426,2024-11-16 17:00:00,CANCELLED
ORD00472,CUST0180,2024-04-10 16:06:00,DELIVERED
ORD00473,UNKNOWN,2024-09-14 06:02:00,RETURNED
ORD00474,CUST0363,2025-11-03 06:38:00,PLACED
ORD00475,CUST0461,2025-09-11 04:24:00,SHIPPED
ORD00476,CUST0240,2024-04-23 22:11:00,PLACED
ORD00477,CUST0394,2025-10-16 14:59:00,DELIVERED
ORD00478,CUST0398,2024-09-20 05:49:00,CANCELLED
ORD00479,CUST0136,2024-12-06 01:16:00,PLACED
ORD00480,CUST0331,2025-05-18 06:39:00,SHIPPED
ORD00481,CUST0055,2025-07-07 13:13:00,DELIVERED
ORD00482,CUST0373,2024-04-15 01:04:00,CANCELLED
ORD00483,CUST0001,2024-01-20 15:09:00,CANCELLED
ORD00484,CUST0201,2024-09-29 04:44:00,RETURNED
ORD00485,CUST0373,2025-05-17 15:27:00,PLACED
ORD00486,CUST0353,2025-07-07 07:00:00,CANCELLED
ORD00487,CUST0184,2024-05-04 18:34:00,DELIVERED
ORD00488,CUST0332,2025-02-14 01:40:00,RETURNED
ORD00489,CUST0393,2024-12-14 02:53:00,SHIPPED
ORD00490,CUST0339,2024-06-29 17:02:00,CANCELLED
ORD00491,CUST0044,2024-04-19 20:44:00,CANCELLED
ORD00492,CUST0369,2024-07-13 04:02:00,SHIPPED
ORD00493,CUST0330,2025-05-15 12:04:00,RETURNED
ORD00494,CUST0173,2025-04-05 00:02:00,PLACED
ORD00495,CUST0342,2025-02-19 03:13:00,RETURNED
ORD00496,CUST0037,2024-06-01 00:00:00,SHIPPED
ORD00497,CUST0471,2025-05-15 20:01:00,SHIPPED
ORD00498,CUST0026,2025-10-26 04:00:00,PLACED
ORD00499,CUST0033,2025-04-12 19:10:00,PLACED
ORD00500,CUST0113,2024-04-26 15:38:00,SHIPPED
