item_id,order_id,product_id,quantity,unit_price,discount_percent
ITEM00001,ORD00428,PROD0187,4,11198.63,86
ITEM00002,ORD00500,PROD0346,4,4615.78,69
ITEM00003,ORD00494,PROD0071,2,8715.5,97
ITEM00004,ORD00172,PROD0263,1,2303.04,35
ITEM00005,ORD00087,PROD0420,2,352.81,70
ITEM00006,ORD00474,PROD0483,2,9616.72,17
ITEM00007,ORD00324,PROD0313,1,5715.84,99
ITEM00008,ORD00250,PROD0095,-2,3785.79,0
ITEM00009,ORD00362,PROD0035,2,3011.0,36
ITEM00010,ORD00406,PROD0438,4,602.4,88
ITEM00011,ORD00328,PROD0130,2,4693.99,57
ITEM00012,ORD00090,PROD0085,4,3230.49,4
ITEM00013,ORD00256,PROD0265,5,4299.22,11
ITEM00014,ORD00003,PROD0180,3,7782.81,24
ITEM00015,ORD00049,PROD0418,1,5783.38,97
ITEM00016,ORD00238,PROD0439,5,4710.31,84
ITEM00017,ORD00100,PROD0447,2,144.29,19
ITEM00018,ORD00082,PROD0212,4,2158.36,5
ITEM00019,ORD00146,PROD0211,1,2617.16,32
ITEM00020,ORD00456,PROD0236,3,7060.03,5
ITEM00021,ORD00474,PROD0347,1,4940.66,20
ITEM00022,ORD00060,PROD0388,1,4997.3,30
ITEM00023,ORD00167,PROD0051,4,3966.7,95
ITEM00024,ORD00057,PROD0449,3,1295.33,12
ITEM00025,ORD00446,PROD0145,2,1482.43,28
ITEM00026,ORD00249,PROD0380,1,3787.57,55
ITEM00027,ORD00313,PROD0240,2,6524.81,49
ITEM00028,ORD00369,PROD0032,3,1110.72,45
ITEM00029,ORD00066,PROD0147,3,5127.66,72
ITEM00030,ORD00057,PROD0498,1,10955.76,58
ITEM00031,ORD00176,PROD0431,4,5607.3,37
ITEM00032,ORD00407,PROD0115,5,9621.26,78
ITEM00033,ORD00284,PROD0469,2,5253.61,11
ITEM00034,ORD00251,PROD0078,4,1596.57,27
ITEM00035,ORD00237,PROD0318,5,3067.02,93
ITEM00036,ORD00127,PROD0011,4,2383.52,55
ITEM00037,ORD00475,PROD0410,5,5886.07,19
ITEM00038,ORD00214,PROD0357,5,5043.37,5
ITEM00039,ORD00259,PROD0459,4,855.15,67
ITEM00040,ORD00409,PROD0196,4,4061.1,12
ITEM00041,ORD00043,PROD0260,4,3902.12,1
ITEM00042,ORD00068,PROD0458,4,1861.54,30
ITEM00043,ORD00343,PROD0036,-1,7594.69,90
ITEM00044,ORD00383,PROD0293,4,4885.61,58
ITEM00045,ORD00448,PROD0298,4,306.1,23
ITEM00046,ORD00361,PROD0257,3,6562.91,80
ITEM00047,ORD00354,PROD0213,1,1962.35,4
ITEM00048,ORD00139,PROD0372,3,8429.51,78
ITEM00049,ORD00107,PROD0345,5,7251.68,10
ITEM00050,ORD00377,PROD0037,5,4582.5,65
ITEM00051,ORD00057,PROD0418,3,4898.37,59
ITEM00052,ORD00188,PROD0004,5,4998.34,71
ITEM00053,ORD00397,PROD0191,1,4439.2,42
ITEM00054,ORD00333,PROD0033,2,6816.97,96
ITEM00055,ORD00360,PROD0309,5,6651.21,95
ITEM00056,ORD00460,PROD0049,2,7465.04,87
ITEM00057,ORD00033,PROD0172,4,2678.96,57
ITEM00058,ORD00425,PROD0142,4,1409.02,90
ITEM00059,ORD00273,PROD0419,5,11317.66,57
ITEM00060,ORD00345,PROD0466,5,11937.39,8
ITEM00061,ORD00235,PROD0259,2,5760.11,50
ITEM00062,ORD00490,PROD0274,2,2160.39,21
ITEM00063,ORD00076,PROD0023,3,4418.99,26
ITEM00064,ORD00012,PROD0067,5,2551.96,87
ITEM00065,ORD00243,PROD0441,5,8103.22,56
ITEM00066,ORD00033,PROD0127,1,5149.66,29
ITEM00067,ORD00211,PROD0484,5,9680.68,83
ITEM00068,ORD00341,PROD0145,3,2138.35,70
ITEM00069,ORD00291,PROD0140,4,418.79,39
ITEM00070,ORD00117,PROD0045,2,2315.91,36
ITEM00071,ORD00146,PROD0032,1,1370.97,21
ITEM00072,ORD00365,PROD0102,5,8100.61,23
ITEM00073,ORD00355,PROD0221,2,3023.57,19
ITEM00074,ORD00022,PROD0150,2,12215.64,73
ITEM00075,ORD00190,PROD0360,2,3931.87,71
ITEM00076,ORD00177,PROD0099,1,2069.25,57
ITEM00077,ORD00274,PROD0146,5,4210.04,3
ITEM00078,ORD00394,PROD0486,4,2532.48,58
ITEM00079,ORD00497,PROD0160,3,2043.44,64
ITEM00080,ORD00152,PROD0389,3,7988.7,37
ITEM00081,ORD00410,PROD0449,5,1543.26,56
ITEM00082,ORD00375,PROD0023,3,4364.98,5
ITEM00083,ORD00060,PROD0142,2,1658.78,51
ITEM00084,ORD00229,PROD0264,5,6080.19,41
ITEM00085,ORD00100,PROD0290,1,5800.49,28
ITEM00086,ORD00043,PROD0489,3,196.36,57
ITEM00087,ORD00202,PROD0091,1,2300.95,40
ITEM00088,ORD00484,PROD0279,5,5410.87,85
ITEM00089,ORD00367,PROD0345,3,7531.92,47
ITEM00090,ORD00146,PROD0408,4,1387.5,39
ITEM00091,ORD00045,PROD0407,4,1338.54,56
ITEM00092,ORD00148,PROD0446,4,1754.42,93
ITEM00093,ORD00213,PROD0308,4,5945.72,75
ITEM00094,ORD00107,PROD0100,5,568.48,67
ITEM00095,ORD00492,PROD0474,3,1629.98,48
ITEM00096,ORD00328,PROD0362,-1,7394.11,53
ITEM00097,ORD00364,PROD0086,2,1790.69,17
ITEM00098,ORD00196,PROD0064,2,2861.87,62
ITEM00099,ORD00155,PROD0304,1,4774.49,38
ITEM00100,ORD00238,PROD0083,4,2523.3,0
ITEM00101,ORD00490,PROD0303,2,2865.91,81
ITEM00102,ORD00341,PROD0463,4,11694.64,53
ITEM00103,ORD00353,PROD0150,2,9991.63,3
ITEM00104,ORD00253,PROD0441,1,12236.16,8
ITEM00105,ORD00298,PROD0119,5,7005.25,55
ITEM00106,ORD00244,PROD0454,3,11438.83,15
ITEM00107,ORD00295,PROD0290,3,3621.67,33
ITEM00108,ORD00075,PROD0368,2,1272.19,88
ITEM00109,ORD00028,PROD0494,2,7472.72,53
ITEM00110,ORD00150,PROD0193,3,6920.94,9
ITEM00111,ORD00322,PROD0014,5,2933.18,12
ITEM00112,ORD00279,PROD0312,5,5817.31,40
ITEM00113,ORD00358,PROD0064,3,3803.33,12
ITEM00114,ORD00422,PROD0244,5,1046.35,17
ITEM00115,ORD00399,PROD0357,5,3730.93,43
ITEM00116,ORD00080,PROD0368,2,1460.25,24
ITEM00117,ORD00426,PROD0387,5,7744.54,68
ITEM00118,ORD00411,PROD0482,5,1895.48,58
ITEM00119,ORD00068,PROD0057,1,8063.13,61
ITEM00120,ORD00186,PROD0471,3,1274.61,56
ITEM00121,ORD00497,PROD0282,5,7474.09,90
ITEM00122,ORD00418,PROD0352,-3,783.19,16
ITEM00123,ORD00158,PROD0179,2,338.56,16
ITEM00124,ORD00391,PROD0263,1,3986.15,9
ITEM00125,ORD00388,PROD0398,1,2540.05,25
ITEM00126,ORD00338,PROD0488,1,700.73,7
ITEM00127,ORD00130,PROD0109,4,748.22,38
ITEM00128,ORD00401,PROD0422,1,3477.37,77
ITEM00129,ORD00103,PROD0259,2,6315.8,44
ITEM00130,ORD00434,PROD0100,1,773.82,35
ITEM00131,ORD00083,PROD0146,5,6113.12,99
ITEM00132,ORD00292,PROD0193,5,4723.32,74
ITEM00133,ORD00367,PROD0167,1,5235.24,36
ITEM00134,ORD00276,PROD0246,2,4858.41,92
ITEM00135,ORD00472,PROD0050,1,4061.11,90
ITEM00136,ORD00302,PROD0222,4,514.62,86
ITEM00137,ORD00182,PROD0075,1,3683.61,54
ITEM00138,ORD00209,PROD0326,2,1253.18,40
ITEM00139,ORD00267,PROD0072,1,473.36,97
ITEM00140,ORD00286,PROD0418,3,6170.5,10
ITEM00141,ORD00198,PROD0028,3,4919.08,76
ITEM00142,ORD00431,PROD0449,3,1417.5,70
ITEM00143,ORD00438,PROD0102,4,7504.3,8
ITEM00144,ORD00189,PROD0428,4,529.73,86
ITEM00145,ORD00203,PROD0199,4,1388.91,84
ITEM00146,ORD00203,PROD0038,1,1772.54,75
ITEM00147,ORD00457,PROD0104,1,1272.97,8
ITEM00148,ORD00174,PROD0420,3,244.74,51
ITEM00149,ORD00218,PROD0390,1,240.25,35
ITEM00150,ORD00388,PROD0078,5,1531.54,82
ITEM00151,ORD00342,PROD0112,4,7194.34,51
ITEM00152,ORD00076,PROD0298,4,318.31,13
ITEM00153,ORD00255,PROD0472,1,2963.19,17
ITEM00154,ORD00028,PROD0439,1,4877.15,63
ITEM00155,ORD00196,PROD0050,1,4346.75,41
ITEM00156,ORD00320,PROD0002,2,1657.03,9
ITEM00157,ORD00406,PROD0169,5,5864.36,37
ITEM00158,ORD00134,PROD0161,4,9223.02,69
ITEM00159,ORD00392,PROD0415,-5,4890.63,55
ITEM00160,ORD00162,PROD0354,1,7891.22,56
ITEM00161,ORD00091,PROD0492,4,3713.81,99
ITEM00162,ORD00085,PROD0246,3,7410.46,17
ITEM00163,ORD00250,PROD0164,3,1523.58,72
ITEM00164,ORD00351,PROD0097,4,3389.57,60
ITEM00165,ORD00081,PROD0186,4,3684.54,50
ITEM00166,ORD00498,PROD0171,3,7715.8,86
ITEM00167,ORD00146,PROD0279,3,6872.2,3
ITEM00168,ORD00429,PROD0066,5,5571.08,94
ITEM00169,ORD00457,PROD0309,-5,9089.83,48
ITEM00170,ORD00183,PROD0344,1,5826.1,7
ITEM00171,ORD00332,PROD0229,2,6750.9,10
ITEM00172,ORD00059,PROD0457,1,2685.72,2
ITEM00173,ORD00236,PROD0004,5,7194.1,54
ITEM00174,ORD00216,PROD0250,5,3503.09,89
ITEM00175,ORD00163,PROD0372,4,6763.93,49
ITEM00176,ORD00414,PROD0049,3,8850.9,88
ITEM00177,ORD00258,PROD0438,2,616.22,85
ITEM00178,ORD00154,PROD0080,3,6247.84,55
ITEM00179,ORD00434,PROD0399,2,8088.75,9
ITEM00180,ORD00136,PROD0399,5,4138.24,73
ITEM00181,ORD00320,PROD0080,4,8091.26,11
ITEM00182,ORD00173,PROD0200,5,4854.09,72
ITEM00183,ORD00108,PROD0407,5,1493.25,9
ITEM00184,ORD00154,PROD0176,3,5191.7,69
ITEM00185,ORD00206,PROD0296,3,708.7,65
ITEM00186,ORD00281,PROD0300,4,3035.37,2
ITEM00187,ORD00296,PROD0323,5,5210.81,84
ITEM00188,ORD00327,PROD0156,4,6212.91,78
ITEM00189,ORD00373,PROD0087,4,3650.67,66
ITEM00190,ORD00076,PROD0175,2,4704.89,95
ITEM00191,ORD00211,PROD0346,3,3566.25,8
ITEM00192,ORD00137,PROD0174,2,7293.39,82
ITEM00193,ORD00308,PROD0313,2,4315.05,30
ITEM00194,ORD00015,PROD0084,1,1963.27,39
ITEM00195,ORD00224,PROD0285,4,4905.22,4
ITEM00196,ORD00070,PROD0373,2,1874.75,35
ITEM00197,ORD00437,PROD0258,5,2477.36,92
ITEM00198,ORD00029,PROD0220,4,3310.61,10
ITEM00199,ORD00444,PROD0330,3,979.82,52
ITEM00200,ORD00454,PROD0155,3,628.06,92
ITEM00201,ORD00293,PROD0479,2,490.68,15
ITEM00202,ORD00298,PROD0464,5,6875.66,67
ITEM00203,ORD00047,PROD0051,3,3431.79,15
ITEM00204,ORD00300,PROD0236,3,6971.14,95
ITEM00205,ORD00112,PROD0080,2,5183.93,22
ITEM00206,ORD00226,PROD0181,2,6013.47,75
ITEM00207,ORD00192,PROD0321,1,1156.96,14
ITEM00208,ORD00244,PROD0414,3,5420.68,35
ITEM00209,ORD00367,PROD0310,2,7778.43,39
ITEM00210,ORD00464,PROD0460,1,6985.67,94
ITEM00211,ORD00404,PROD0304,1,4331.76,32
ITEM00212,ORD00328,PROD0141,5,6753.12,46
ITEM00213,ORD00122,PROD0430,1,9113.09,49
ITEM00214,ORD00202,PROD0192,1,10227.22,32
ITEM00215,ORD00422,PROD0447,3,234.0,38
ITEM00216,ORD00083,PROD0153,2,4530.32,80
ITEM00217,ORD00393,PROD0496,3,8336.12,4
ITEM00218,ORD00422,PROD0191,3,6701.5,62
ITEM00219,ORD00475,PROD0314,4,8542.76,91
ITEM00220,ORD00420,PROD0218,4,4788.91,20
ITEM00221,ORD00181,PROD0490,3,1693.93,93
ITEM00222,ORD00233,PROD0305,5,8746.44,97
ITEM00223,ORD00095,PROD0084,1,2609.32,82
ITEM00224,ORD00103,PROD0405,-2,3158.99,40
ITEM00225,ORD00081,PROD0234,5,5613.88,91
ITEM00226,ORD00352,PROD0128,2,2191.79,40
ITEM00227,ORD00377,PROD0238,4,3350.85,22
ITEM00228,ORD00410,PROD0463,5,7760.13,10
ITEM00229,ORD00202,PROD0120,4,1922.93,73
ITEM00230,ORD00012,PROD0184,-2,6845.15,82
ITEM00231,ORD00465,PROD0393,5,5471.71,59
ITEM00232,ORD00437,PROD0323,2,4000.15,51
ITEM00233,ORD00134,PROD0234,5,5133.47,47
ITEM00234,ORD00061,PROD0070,2,2156.95,67
ITEM00235,ORD00476,PROD0260,4,3626.16,86
ITEM00236,ORD00366,PROD0038,4,1508.1,100
ITEM00237,ORD00254,PROD0054,3,3746.27,55
ITEM00238,ORD00422,PROD0446,2,1946.79,86
ITEM00239,ORD00210,PROD0203,2,6601.71,3
ITEM00240,ORD00121,PROD0046,3,7479.98,31
ITEM00241,ORD00332,PROD0367,3,6280.73,1
ITEM00242,ORD00166,PROD0107,4,4377.17,50
ITEM00243,ORD00363,PROD0442,2,7602.44,76
ITEM00244,ORD00286,PROD0411,3,2094.63,42
ITEM00245,ORD00182,PROD0046,2,9320.22,85
ITEM00246,ORD00415,PROD0088,5,1196.4,32
ITEM00247,ORD00155,PROD0475,5,10934.74,85
ITEM00248,ORD00457,PROD0404,3,2355.01,74
ITEM00249,ORD00258,PROD0079,2,6530.76,43
ITEM00250,ORD00163,PROD0110,4,6642.53,55
ITEM00251,ORD00161,PROD0327,2,1024.89,16
ITEM00252,ORD00428,PROD0101,4,4436.09,46
ITEM00253,ORD00449,PROD0329,4,2017.62,97
ITEM00254,ORD00224,PROD0444,3,3041.85,40
ITEM00255,ORD00078,PROD0201,4,4993.57,84
ITEM00256,ORD00077,PROD0211,4,2258.96,23
ITEM00257,ORD00084,PROD0367,1,7407.51,55
ITEM00258,ORD00475,PROD0410,1,5509.71,56
ITEM00259,ORD00288,PROD0385,3,1321.35,63
ITEM00260,ORD00444,PROD0226,1,5296.9,44
ITEM00261,ORD00146,PROD0198,1,2485.02,21
ITEM00262,ORD00289,PROD0259,5,10341.28,74
ITEM00263,ORD00498,PROD0200,2,3761.76,98
ITEM00264,ORD00472,PROD0487,5,5291.8,98
ITEM00265,ORD00455,PROD0360,4,4443.64,36
ITEM00266,ORD00303,PROD0374,1,1576.52,13
ITEM00267,ORD00042,PROD0410,3,5374.97,90
ITEM00268,ORD00490,PROD0163,4,5561.59,84
ITEM00269,ORD00023,PROD0035,1,3019.44,57
ITEM00270,ORD00376,PROD0287,3,10528.67,72
ITEM00271,ORD00025,PROD0065,2,6531.22,36
ITEM00272,ORD00381,PROD0212,3,1346.32,77
ITEM00273,ORD00131,PROD0498,4,6797.24,98
ITEM00274,ORD00437,PROD0273,4,484.93,49
ITEM00275,ORD00386,PROD0017,4,8866.19,19
ITEM00276,ORD00411,PROD0382,1,4771.99,39
ITEM00277,ORD00341,PROD0451,5,4988.03,47
ITEM00278,ORD00229,PROD0464,5,6639.73,60
ITEM00279,ORD00217,PROD0158,3,4676.1,54
ITEM00280,ORD00223,PROD0222,3,721.53,11
ITEM00281,ORD00499,PROD0012,1,2848.8,28
ITEM00282,ORD00270,PROD0137,2,3550.17,67
ITEM00283,ORD00224,PROD0491,1,5986.22,61
ITEM00284,ORD00066,PROD0111,3,8104.29,38
ITEM00285,ORD00152,PROD0127,2,8127.37,70
ITEM00286,ORD00263,PROD0321,1,734.88,54
ITEM00287,ORD00339,PROD0213,4,2567.64,32
ITEM00288,ORD00042,PROD0240,3,8009.9,2
ITEM00289,ORD00237,PROD0139,1,3357.97,23
ITEM00290,ORD00214,PROD0343,4,9299.53,38
ITEM00291,ORD00233,PROD0450,3,9269.02,57
ITEM00292,ORD00175,PROD0312,5,8825.31,23
ITEM00293,ORD00383,PROD0121,2,2942.46,33
ITEM00294,ORD00010,PROD0109,1,719.24,14
ITEM00295,ORD00245,PROD0315,1,7569.59,51
ITEM00296,ORD00156,PROD0052,5,845.39,78
ITEM00297,ORD00494,PROD0048,3,9925.94,50
ITEM00298,ORD00070,PROD0014,3,2484.13,14
ITEM00299,ORD00097,PROD0107,1,4110.99,26
ITEM00300,ORD00333,PROD0170,4,2707.78,80
ITEM00301,ORD00155,PROD0286,5,7215.3,18
ITEM00302,ORD00060,PROD0173,4,1705.92,19
ITEM00303,ORD00242,PROD0067,4,1978.01,57
ITEM00304,ORD00151,PROD0045,5,2456.1,50
ITEM00305,ORD00053,PROD0496,1,8261.57,91
ITEM00306,ORD00435,PROD0319,4,925.88,74
ITEM00307,ORD00149,PROD0339,5,5208.76,51
ITEM00308,ORD00372,PROD0380,4,5946.59,86
ITEM00309,ORD00032,PROD0172,4,3000.41,54
ITEM00310,ORD00033,PROD0292,5,7312.13,82
ITEM00311,ORD00060,PROD0411,4,3024.86,82
ITEM00312,ORD00224,PROD0209,3,3241.31,36
ITEM00313,ORD00225,PROD0239,2,1883.25,28
ITEM00314,ORD00174,PROD0013,5,4458.12,91
ITEM00315,ORD00151,PROD0493,4,3596.65,49
ITEM00316,ORD00345,PROD0446,4,2543.29,46
ITEM00317,ORD00433,PROD0170,4,2522.38,26
ITEM00318,ORD00045,PROD0404,3,2525.76,16
ITEM00319,ORD00311,PROD0055,2,8190.33,53
ITEM00320,ORD00108,PROD0238,4,4693.36,2
ITEM00321,ORD00183,PROD0250,3,4711.26,22
ITEM00322,ORD00033,PROD0356,5,2026.02,14
ITEM00323,ORD00288,PROD0194,5,4254.6,33
ITEM00324,ORD00394,PROD0210,3,2064.22,71
ITEM00325,ORD00437,PROD0283,3,2162.44,65
ITEM00326,ORD00362,PROD0004,5,4430.19,56
ITEM00327,ORD00387,PROD0424,4,6200.21,13
ITEM00328,ORD00440,PROD0080,5,9084.45,71
ITEM00329,ORD00086,PROD0417,1,9440.86,26
ITEM00330,ORD00150,PROD0012,3,3351.42,97
ITEM00331,ORD00446,PROD0307,5,671.4,82
ITEM00332,ORD00071,PROD0475,3,6018.31,25
ITEM00333,ORD00394,PROD0404,4,2687.73,31
ITEM00334,ORD00259,PROD0184,4,4057.5,34
ITEM00335,ORD00213,PROD0204,3,5527.85,85
ITEM00336,ORD00386,PROD0302,2,1566.74,100
ITEM00337,ORD00220,PROD0016,2,3173.19,52
ITEM00338,ORD00265,PROD0389,4,9822.61,46
ITEM00339,ORD00395,PROD0319,1,608.88,66
ITEM00340,ORD00162,PROD0162,1,4813.38,98
ITEM00341,ORD00202,PROD0048,2,10349.83,84
ITEM00342,ORD00030,PROD0201,2,6418.81,91
ITEM00343,ORD00215,PROD0197,5,1852.45,87
ITEM00344,ORD00370,PROD0245,5,6644.03,44
ITEM00345,ORD00461,PROD0169,1,6125.13,18
ITEM00346,ORD00106,PROD0078,4,1619.26,79
ITEM00347,ORD00358,PROD0082,5,5897.09,100
ITEM00348,ORD00452,PROD0259,4,6981.37,4
ITEM00349,ORD00372,PROD0223,5,1265.08,16
ITEM00350,ORD00146,PROD0304,5,3088.02,65
ITEM00351,ORD00175,PROD0431,5,8242.8,20
ITEM00352,ORD00408,PROD0083,-1,3216.82,33
ITEM00353,ORD00156,PROD0198,2,3713.99,64
ITEM00354,ORD00431,PROD0047,1,6591.69,80
ITEM00355,ORD00025,PROD0154,5,7483.82,15
ITEM00356,ORD00378,PROD0407,4,1091.13,43
ITEM00357,ORD00298,PROD0222,2,691.3,80
ITEM00358,ORD00120,PROD0033,5,6193.64,36
ITEM00359,ORD00366,PROD0267,5,5996.33,94
ITEM00360,ORD00265,PROD0469,2,4448.07,99
ITEM00361,ORD00076,PROD0329,3,2780.29,52
ITEM00362,ORD00218,PROD0002,1,2944.7,60
ITEM00363,ORD00190,PROD0100,2,741.66,51
ITEM00364,ORD00399,PROD0162,5,4788.42,33
ITEM00365,ORD00217,PROD0158,5,8858.38,88
ITEM00366,ORD00214,PROD0279,4,9653.72,18
ITEM00367,ORD00365,PROD0173,5,2162.65,90
ITEM00368,ORD00061,PROD0446,5,2611.04,58
ITEM00369,ORD00081,PROD0181,4,8432.92,47
ITEM00370,ORD00210,PROD0390,1,150.63,47
ITEM00371,ORD00268,PROD0250,5,3169.43,47
ITEM00372,ORD00156,PROD0055,3,7043.29,3
ITEM00373,ORD00302,PROD0383,2,2681.71,39
ITEM00374,ORD00420,PROD0377,3,8174.13,0
ITEM00375,ORD00035,PROD0231,1,1459.02,53
ITEM00376,ORD00290,PROD0373,4,2708.02,43
ITEM00377,ORD00369,PROD0033,4,8544.54,16
ITEM00378,ORD00236,PROD0303,2,3087.92,85
ITEM00379,ORD00373,PROD0320,4,5202.81,79
ITEM00380,ORD00120,PROD0191,5,7176.94,43
ITEM00381,ORD00344,PROD0083,5,3986.63,94
ITEM00382,ORD00444,PROD0128,3,1789.56,3
ITEM00383,ORD00396,PROD0255,5,874.17,71
ITEM00384,ORD00044,PROD0249,1,6560.72,79
ITEM00385,ORD00028,PROD0452,5,4967.97,66
ITEM00386,ORD00258,PROD0165,2,5963.81,15
ITEM00387,ORD00010,PROD0265,5,3355.19,26
ITEM00388,ORD00430,PROD0238,2,5742.54,56
ITEM00389,ORD00311,PROD0092,1,749.32,75
ITEM00390,ORD00479,PROD0443,1,2346.93,55
ITEM00391,ORD00441,PROD0362,2,5838.79,48
ITEM00392,ORD00051,PROD0175,3,5923.75,36
ITEM00393,ORD00394,PROD0127,2,5517.94,39
ITEM00394,ORD00031,PROD0321,4,1096.25,41
ITEM00395,ORD00030,PROD0209,-2,4193.28,12
ITEM00396,ORD00458,PROD0183,3,5869.74,48
ITEM00397,ORD00123,PROD0163,1,7813.55,75
ITEM00398,ORD00386,PROD0233,2,4441.36,14
ITEM00399,ORD00238,PROD0338,3,4532.72,8
ITEM00400,ORD00325,PROD0426,-4,5529.4,2
ITEM00401,ORD00301,PROD0043,3,1680.74,31
ITEM00402,ORD00065,PROD0082,5,5708.15,52
ITEM00403,ORD00326,PROD0183,4,6699.0,100
ITEM00404,ORD00087,PROD0416,2,2840.17,68
ITEM00405,ORD00285,PROD0483,4,8784.51,0
ITEM00406,ORD00318,PROD0103,4,7237.2,21
ITEM00407,ORD00472,PROD0382,1,4947.42,76
ITEM00408,ORD00195,PROD0350,3,1301.21,80
ITEM00409,ORD00262,PROD0221,2,1992.33,20
ITEM00410,ORD00154,PROD0100,5,469.5,89
ITEM00411,ORD00372,PROD0453,1,1424.24,35
ITEM00412,ORD00259,PROD0157,4,6446.4,40
ITEM00413,ORD00386,PROD0018,3,6926.45,34
ITEM00414,ORD00165,PROD0493,2,2763.37,58
ITEM00415,ORD00468,PROD0073,5,4571.8,82
ITEM00416,ORD00003,PROD0459,1,1630.86,86
ITEM00417,ORD00459,PROD0164,2,1462.6,62
ITEM00418,ORD00404,PROD0419,4,11176.5,83
ITEM00419,ORD00457,PROD0112,1,8273.41,85
ITEM00420,ORD00181,PROD0119,4,9458.62,48
ITEM00421,ORD00091,PROD0417,5,10712.73,89
ITEM00422,ORD00190,PROD0277,1,6902.55,56
ITEM00423,ORD00011,PROD0327,1,1781.72,87
ITEM00424,ORD00418,PROD0223,3,1183.84,38
ITEM00425,ORD00253,PROD0473,2,11183.25,4
ITEM00426,ORD00361,PROD0377,3,8013.41,26
ITEM00427,ORD00421,PROD0305,1,8439.59,14
ITEM00428,ORD00253,PROD0250,3,3220.0,24
ITEM00429,ORD00309,PROD0266,5,1149.96,8
ITEM00430,ORD00034,PROD0496,5,5586.68,72
ITEM00431,ORD00374,PROD0489,2,229.12,24
ITEM00432,ORD00355,PROD0214,1,7246.61,78
ITEM00433,ORD00453,PROD0243,3,8429.8,54
ITEM00434,ORD00166,PROD0119,1,6765.99,52
ITEM00435,ORD00266,PROD0239,3,2265.52,46
ITEM00436,ORD00453,PROD0154,5,7326.36,6
ITEM00437,ORD00273,PROD0120,3,1466.07,0
ITEM00438,ORD00042,PROD0067,4,3783.47,3
ITEM00439,ORD00217,PROD0340,2,1912.03,31
ITEM00440,ORD00160,PROD0215,2,3648.21,80
ITEM00441,ORD00222,PROD0310,-1,10431.79,75
ITEM00442,ORD00127,PROD0162,3,3745.83,30
ITEM00443,ORD00421,PROD0033,3,6112.18,30
ITEM00444,ORD00318,PROD0053,1,5358.45,12
ITEM00445,ORD00044,PROD0341,4,2109.93,4
ITEM00446,ORD00435,PROD0380,4,6263.83,100
ITEM00447,ORD00411,PROD0357,2,3617.04,38
ITEM00448,ORD00034,PROD0181,5,4628.95,7
ITEM00449,ORD00436,PROD0418,5,4892.75,12
ITEM00450,ORD00120,PROD0088,5,2208.11,100
ITEM00451,ORD00197,PROD0223,-5,1068.86,54
ITEM00452,ORD00174,PROD0355,5,5738.28,86
ITEM00453,ORD00169,PROD0147,1,8110.93,13
ITEM00454,ORD00366,PROD0274,-1,2140.08,24
ITEM00455,ORD00261,PROD0099,5,2278.57,53
ITEM00456,ORD00228,PROD0367,4,5042.81,17
ITEM00457,ORD00160,PROD0311,1,3216.1,65
ITEM00458,ORD00454,PROD0180,3,7695.74,18
ITEM00459,ORD00309,PROD0359,2,5839.88,47
ITEM00460,ORD00337,PROD0166,1,10235.66,7
ITEM00461,ORD00428,PROD0045,2,2439.67,6
ITEM00462,ORD00500,PROD0204,4,4837.71,25
ITEM00463,ORD00342,PROD0044,1,1161.33,88
ITEM00464,ORD00170,PROD0447,4,247.28,72
ITEM00465,ORD00215,PROD0289,3,3463.11,13
ITEM00466,ORD00467,PROD0027,4,5907.12,28
ITEM00467,ORD00355,PROD0231,1,938.25,79
ITEM00468,ORD00377,PROD0205,2,2057.05,42
ITEM00469,ORD00095,PROD0372,4,9095.23,0
ITEM00470,ORD00184,PROD0159,-3,6186.79,14
ITEM00471,ORD00100,PROD0379,2,1364.38,97
ITEM00472,ORD00016,PROD0047,3,5707.47,36
ITEM00473,ORD00135,PROD0479,2,486.04,43
ITEM00474,ORD00101,PROD0389,5,5401.53,33
ITEM00475,ORD00347,PROD0437,-1,3324.26,83
ITEM00476,ORD00108,PROD0424,1,7364.34,30
ITEM00477,ORD00339,PROD0141,3,3928.05,67
ITEM00478,ORD00450,PROD0470,5,8844.95,15
ITEM00479,ORD00067,PROD0011,2,3497.14,24
ITEM00480,ORD00192,PROD0063,5,1843.11,54
ITEM00481,ORD00391,PROD0392,2,4412.34,24
ITEM00482,ORD00077,PROD0011,5,2546.06,6
ITEM00483,ORD00436,PROD0451,3,7005.19,74
ITEM00484,ORD00042,PROD0034,4,7346.46,84
ITEM00485,ORD00261,PROD0007,5,7443.96,82
ITEM00486,ORD00266,PROD0116,5,7056.94,41
ITEM00487,ORD00248,PROD0400,3,7791.4,63
ITEM00488,ORD00206,PROD0199,4,1593.04,74
ITEM00489,ORD00459,PROD0038,1,1507.91,30
ITEM00490,ORD00218,PROD0176,4,6936.82,73
ITEM00491,ORD00192,PROD0401,2,5431.77,10
ITEM00492,ORD00152,PROD0200,2,5548.42,45
ITEM00493,ORD00239,PROD0376,2,4222.06,43
ITEM00494,ORD00222,PROD0484,4,8586.43,63
ITEM00495,ORD00013,PROD0319,3,719.57,29
ITEM00496,ORD00184,PROD0068,3,6819.19,37
ITEM00497,ORD00330,PROD0381,5,1447.96,35
ITEM00498,ORD00037,PROD0458,2,1864.2,69
ITEM00499,ORD00346,PROD0450,2,6907.61,38
ITEM00500,ORD00310,PROD0199,3,1960.28,96
ITEM00501,ORD00005,PROD0353,5,7886.14,36
ITEM00502,ORD00207,PROD0491,3,11162.37,74
ITEM00503,ORD00263,PROD0111,1,9641.87,19
ITEM00504,ORD00371,PROD0062,4,6612.96,60
ITEM00505,ORD00403,PROD0280,2,5878.65,59
ITEM00506,ORD00044,PROD0146,4,4249.62,24
ITEM00507,ORD00358,PROD0060,4,4970.62,56
ITEM00508,ORD00016,PROD0028,4,5290.41,73
ITEM00509,ORD00378,PROD0485,2,2010.73,84
ITEM00510,ORD00215,PROD0014,3,3576.04,96
ITEM00511,ORD00354,PROD0478,4,4699.61,41
ITEM00512,ORD00403,PROD0088,-5,1179.96,17
ITEM00513,ORD00170,PROD0055,2,8630.18,77
ITEM00514,ORD00201,PROD0266,5,1470.65,26
ITEM00515,ORD00198,PROD0300,4,3056.65,13
ITEM00516,ORD00232,PROD0093,3,3059.62,38
ITEM00517,ORD00346,PROD0080,1,7168.56,4
ITEM00518,ORD00096,PROD0088,5,1385.98,49
ITEM00519,ORD00150,PROD0407,3,1860.28,8
ITEM00520,ORD00266,PROD0102,4,5188.56,41
ITEM00521,ORD00057,PROD0375,4,5654.93,53
ITEM00522,ORD00200,PROD0366,4,1893.6,26
ITEM00523,ORD00159,PROD0407,2,1593.02,90
ITEM00524,ORD00295,PROD0191,4,7330.1,75
ITEM00525,ORD00351,PROD0044,2,1147.41,25
ITEM00526,ORD00229,PROD0061,1,5621.12,51
ITEM00527,ORD00270,PROD0042,5,1339.51,72
ITEM00528,ORD00295,PROD0163,4,4487.73,11
ITEM00529,ORD00471,PROD0285,3,5030.26,89
ITEM00530,ORD00422,PROD0218,3,8109.13,22
ITEM00531,ORD00461,PROD0233,4,4793.92,55
ITEM00532,ORD00338,PROD0294,4,1336.92,72
ITEM00533,ORD00485,PROD0038,1,1294.54,20
ITEM00534,ORD00276,PROD0101,3,4476.21,8
ITEM00535,ORD00211,PROD0126,2,313.08,70
ITEM00536,ORD00040,PROD0415,1,8598.52,64
ITEM00537,ORD00085,PROD0126,3,192.19,64
ITEM00538,ORD00038,PROD0348,1,4810.34,86
ITEM00539,ORD00382,PROD0341,4,1470.38,24
ITEM00540,ORD00129,PROD0041,4,1504.33,17
ITEM00541,ORD00238,PROD0442,3,7949.53,8
ITEM00542,ORD00125,PROD0177,1,6088.78,56
ITEM00543,ORD00143,PROD0146,2,6066.45,21
ITEM00544,ORD00091,PROD0350,1,823.93,68
ITEM00545,ORD00344,PROD0355,4,6149.02,86
ITEM00546,ORD00184,PROD0165,3,3607.95,91
ITEM00547,ORD00273,PROD0021,1,6777.26,89
ITEM00548,ORD00416,PROD0210,1,3077.86,84
ITEM00549,ORD00158,PROD0490,1,1723.07,76
ITEM00550,ORD00194,PROD0478,1,5438.04,31
ITEM00551,ORD00103,PROD0050,3,2886.52,53
ITEM00552,ORD00173,PROD0248,1,4244.93,87
ITEM00553,ORD00452,PROD0114,1,5384.87,85
ITEM00554,ORD00023,PROD0266,2,1034.47,13
ITEM00555,ORD00321,PROD0205,3,1353.13,26
ITEM00556,ORD00220,PROD0059,5,5048.34,27
ITEM00557,ORD00089,PROD0212,1,1270.82,83
ITEM00558,ORD00109,PROD0121,-3,2134.12,8
ITEM00559,ORD00189,PROD0085,3,2036.98,27
ITEM00560,ORD00307,PROD0283,4,1907.0,13
ITEM00561,ORD00473,PROD0099,5,3426.54,21
ITEM00562,ORD00308,PROD0089,3,4088.48,80
ITEM00563,ORD00498,PROD0196,4,4248.53,17
ITEM00564,ORD00390,PROD0217,3,9496.75,40
ITEM00565,ORD00010,PROD0049,4,9604.5,74
ITEM00566,ORD00328,PROD0118,4,4153.27,64
ITEM00567,ORD00007,PROD0366,5,1165.18,78
ITEM00568,ORD00378,PROD0396,1,1535.87,31
ITEM00569,ORD00071,PROD0004,5,5905.11,37
ITEM00570,ORD00105,PROD0449,2,1622.9,30
ITEM00571,ORD00228,PROD0364,5,6465.42,42
ITEM00572,ORD00330,PROD0379,2,1500.99,5
ITEM00573,ORD00213,PROD0492,5,3943.15,36
ITEM00574,ORD00376,PROD0263,1,2928.94,31
ITEM00575,ORD00465,PROD0419,2,11430.84,31
ITEM00576,ORD00196,PROD0136,2,6234.32,23
ITEM00577,ORD00034,PROD0495,4,6651.46,8
ITEM00578,ORD00073,PROD0097,2,4314.06,16
ITEM00579,ORD00282,PROD0074,1,8664.45,26
ITEM00580,ORD00219,PROD0158,2,7605.37,39
ITEM00581,ORD00126,PROD0282,2,7958.36,77
ITEM00582,ORD00296,PROD0234,2,6564.95,81
ITEM00583,ORD00401,PROD0441,2,8961.36,46
ITEM00584,ORD00242,PROD0141,4,4897.17,64
ITEM00585,ORD00390,PROD0240,5,5108.59,61
ITEM00586,ORD00219,PROD0215,1,6575.89,97
ITEM00587,ORD00079,PROD0310,3,8893.92,22
ITEM00588,ORD00157,PROD0236,3,5780.25,48
ITEM00589,ORD00037,PROD0008,5,1308.65,91
ITEM00590,ORD00470,PROD0450,4,6137.51,1
ITEM00591,ORD00192,PROD0479,5,418.73,53
ITEM00592,ORD00192,PROD0114,4,6902.79,39
ITEM00593,ORD00454,PROD0151,5,2614.03,15
ITEM00594,ORD00084,PROD0082,4,5194.91,55
ITEM00595,ORD00385,PROD0428,3,790.63,65
ITEM00596,ORD00189,PROD0305,4,8753.17,83
ITEM00597,ORD00377,PROD0131,4,2322.66,61
ITEM00598,ORD00186,PROD0125,1,8415.97,86
ITEM00599,ORD00331,PROD0357,1,2837.89,77
ITEM00600,ORD00076,PROD0034,4,5064.85,77
ITEM00601,ORD00431,PROD0316,5,2395.7,14
ITEM00602,ORD00470,PROD0116,1,6650.42,90
ITEM00603,ORD00042,PROD0095,5,5436.98,24
ITEM00604,ORD00219,PROD0057,4,5135.06,38
ITEM00605,ORD00338,PROD0177,5,6732.64,75
ITEM00606,ORD00386,PROD0456,3,1483.06,93
ITEM00607,ORD00294,PROD0039,1,7145.1,44
ITEM00608,ORD00108,PROD0258,2,4755.77,50
ITEM00609,ORD00087,PROD0247,-3,6827.99,0
ITEM00610,ORD00357,PROD0305,1,7247.32,53
ITEM00611,ORD00088,PROD0023,3,3422.97,23
ITEM00612,ORD00094,PROD0425,2,5945.77,14
ITEM00613,ORD00109,PROD0464,4,4070.56,7
ITEM00614,ORD00099,PROD0115,2,7287.57,52
ITEM00615,ORD00320,PROD0041,4,1496.37,81
ITEM00616,ORD00044,PROD0030,2,1135.89,35
ITEM00617,ORD00300,PROD0418,1,4342.63,62
ITEM00618,ORD00137,PROD0354,-1,7442.1,0
ITEM00619,ORD00022,PROD0432,5,323.32,66
ITEM00620,ORD00267,PROD0260,1,5030.46,97
ITEM00621,ORD00243,PROD0350,3,1137.18,77
ITEM00622,ORD00350,PROD0390,4,264.29,40
ITEM00623,ORD00341,PROD0149,2,3935.86,78
ITEM00624,ORD00448,PROD0247,1,4919.75,12
ITEM00625,ORD00358,PROD0201,1,4473.98,17
ITEM00626,ORD00445,PROD0388,1,7308.93,89
ITEM00627,ORD00317,PROD0411,2,3433.18,60
ITEM00628,ORD00097,PROD0071,5,4703.68,81
ITEM00629,ORD00185,PROD0406,-3,7982.55,94
ITEM00630,ORD00120,PROD0311,3,3263.55,51
ITEM00631,ORD00179,PROD0154,5,6019.51,60
ITEM00632,ORD00151,PROD0464,1,5618.19,91
ITEM00633,ORD00449,PROD0125,2,8096.13,91
ITEM00634,ORD00255,PROD0018,5,7304.73,38
ITEM00635,ORD00240,PROD0158,5,5035.27,57
ITEM00636,ORD00277,PROD0069,1,378.63,27
ITEM00637,ORD00338,PROD0001,2,6691.11,13
ITEM00638,ORD00015,PROD0436,4,3652.08,41
ITEM00639,ORD00113,PROD0068,4,6137.85,85
ITEM00640,ORD00344,PROD0064,4,2469.21,17
ITEM00641,ORD00252,PROD0429,5,205.04,88
ITEM00642,ORD00478,PROD0201,3,5062.11,76
ITEM00643,ORD00194,PROD0300,1,5041.84,95
ITEM00644,ORD00402,PROD0331,4,6059.63,55
ITEM00645,ORD00060,PROD0246,2,6360.08,14
ITEM00646,ORD00304,PROD0382,1,6549.39,95
ITEM00647,ORD00066,PROD0315,1,9721.15,48
ITEM00648,ORD00160,PROD0370,5,6175.31,68
ITEM00649,ORD00217,PROD0191,2,4891.58,46
ITEM00650,ORD00309,PROD0456,2,1247.66,13
ITEM00651,ORD00437,PROD0483,-4,8841.13,18
ITEM00652,ORD00256,PROD0195,3,8014.09,18
ITEM00653,ORD00383,PROD0177,5,5909.35,89
ITEM00654,ORD00159,PROD0392,1,4086.53,88
ITEM00655,ORD00435,PROD0130,1,6406.32,61
ITEM00656,ORD00361,PROD0242,2,2168.08,7
ITEM00657,ORD00367,PROD0065,3,4293.3,93
ITEM00658,ORD00027,PROD0124,2,10109.15,99
ITEM00659,ORD00373,PROD0170,2,3056.52,84
ITEM00660,ORD00281,PROD0205,2,1599.7,54
ITEM00661,ORD00388,PROD0050,4,3740.06,9
ITEM00662,ORD00145,PROD0425,5,6753.85,24
ITEM00663,ORD00068,PROD0458,5,1810.72,74
ITEM00664,ORD00364,PROD0388,1,6169.86,83
ITEM00665,ORD00227,PROD0226,2,8006.36,37
ITEM00666,ORD00412,PROD0362,2,6726.01,94
ITEM00667,ORD00439,PROD0333,1,9238.61,86
ITEM00668,ORD00219,PROD0087,2,3774.78,21
ITEM00669,ORD00499,PROD0327,1,1480.22,6
ITEM00670,ORD00333,PROD0362,1,5076.57,55
ITEM00671,ORD00207,PROD0424,2,7004.13,15
ITEM00672,ORD00155,PROD0345,2,6829.04,22
ITEM00673,ORD00408,PROD0044,4,1323.23,11
ITEM00674,ORD00333,PROD0284,4,5953.1,80
ITEM00675,ORD00062,PROD0415,4,5326.22,15
ITEM00676,ORD00466,PROD0168,4,7700.96,2
ITEM00677,ORD00294,PROD0137,5,3207.05,88
ITEM00678,ORD00093,PROD0167,1,6138.97,82
ITEM00679,ORD00065,PROD0110,4,4158.43,8
ITEM00680,ORD00417,PROD0107,5,3745.89,50
ITEM00681,ORD00402,PROD0181,5,7837.31,62
ITEM00682,ORD00300,PROD0373,1,2878.54,83
ITEM00683,ORD00107,PROD0300,1,5194.52,15
ITEM00684,ORD00356,PROD0329,2,1875.98,71
ITEM00685,ORD00063,PROD0415,4,4929.28,73
ITEM00686,ORD00045,PROD0367,2,6755.15,96
ITEM00687,ORD00064,PROD0265,1,4002.64,46
ITEM00688,ORD00484,PROD0422,5,5252.36,31
ITEM00689,ORD00485,PROD0131,3,2863.98,100
ITEM00690,ORD00228,PROD0160,3,1307.22,62
ITEM00691,ORD00181,PROD0352,3,1149.77,65
ITEM00692,ORD00340,PROD0069,2,566.92,30
ITEM00693,ORD00154,PROD0299,1,10815.47,27
ITEM00694,ORD00111,PROD0011,2,3083.68,35
ITEM00695,ORD00217,PROD0152,2,5093.87,32
ITEM00696,ORD00463,PROD0170,3,2525.39,58
ITEM00697,ORD00347,PROD0150,1,8593.17,88
ITEM00698,ORD00037,PROD0200,2,6299.24,34
ITEM00699,ORD00289,PROD0403,2,8431.37,65
ITEM00700,ORD00421,PROD0129,5,4521.71,100
ITEM00701,ORD00494,PROD0082,4,7098.32,9
ITEM00702,ORD00057,PROD0288,3,7604.23,52
ITEM00703,ORD00046,PROD0338,1,3948.39,42
ITEM00704,ORD00409,PROD0432,3,364.19,1
ITEM00705,ORD00497,PROD0232,1,4827.63,13
ITEM00706,ORD00373,PROD0299,1,10933.57,75
ITEM00707,ORD00179,PROD0124,4,8889.73,36
ITEM00708,ORD00051,PROD0389,5,10405.69,21
ITEM00709,ORD00200,PROD0494,3,6897.78,94
ITEM00710,ORD00452,PROD0156,5,7565.39,61
ITEM00711,ORD00005,PROD0267,5,7420.77,91
ITEM00712,ORD00074,PROD0062,2,5148.42,94
ITEM00713,ORD00372,PROD0335,3,6501.52,47
ITEM00714,ORD00215,PROD0427,2,9811.59,23
ITEM00715,ORD00409,PROD0459,4,1244.01,36
ITEM00716,ORD00267,PROD0228,3,8831.97,29
ITEM00717,ORD00045,PROD0015,3,9122.1,52
ITEM00718,ORD00325,PROD0281,3,4755.94,93
ITEM00719,ORD00085,PROD0193,2,7138.69,10
ITEM00720,ORD00253,PROD0235,3,3478.96,1
ITEM00721,ORD00478,PROD0246,4,8664.17,61
ITEM00722,ORD00347,PROD0166,4,11576.53,89
ITEM00723,ORD00316,PROD0451,1,5448.44,95
ITEM00724,ORD00360,PROD0475,1,8384.88,44
ITEM00725,ORD00339,PROD0018,2,7959.0,67
ITEM00726,ORD00230,PROD0126,5,308.55,86
ITEM00727,ORD00090,PROD0156,5,4260.02,17
ITEM00728,ORD00027,PROD0393,5,7276.12,48
ITEM00729,ORD00058,PROD0375,2,6777.2,86
ITEM00730,ORD00436,PROD0404,2,2683.57,15
ITEM00731,ORD00151,PROD0072,3,530.95,0
ITEM00732,ORD00473,PROD0305,5,6636.47,82
ITEM00733,ORD00019,PROD0099,5,3590.67,79
ITEM00734,ORD00004,PROD0280,4,6129.28,42
ITEM00735,ORD00003,PROD0257,3,5366.77,92
ITEM00736,ORD00005,PROD0298,2,192.82,62
ITEM00737,ORD00264,PROD0029,2,7609.72,52
ITEM00738,ORD00004,PROD0308,1,6035.6,84
ITEM00739,ORD00203,PROD0093,3,2541.17,46
ITEM00740,ORD00275,PROD0043,4,1824.23,13
ITEM00741,ORD00225,PROD0102,4,6026.11,45
ITEM00742,ORD00453,PROD0108,-4,1804.87,25
ITEM00743,ORD00021,PROD0108,1,1063.41,53
ITEM00744,ORD00083,PROD0372,3,8263.89,61
ITEM00745,ORD00251,PROD0476,3,4125.74,87
ITEM00746,ORD00392,PROD0302,2,1837.1,51
ITEM00747,ORD00380,PROD0377,5,8682.46,49
ITEM00748,ORD00056,PROD0371,2,4765.72,16
ITEM00749,ORD00007,PROD0499,2,8929.18,30
ITEM00750,ORD00176,PROD0104,1,905.87,76
ITEM00751,ORD00149,PROD0463,1,7762.88,10
ITEM00752,ORD00079,PROD0206,4,2763.99,23
ITEM00753,ORD00059,PROD0474,2,1924.46,89
ITEM00754,ORD00220,PROD0407,2,1318.22,90
ITEM00755,ORD00258,PROD0214,1,6944.97,24
ITEM00756,ORD00077,PROD0251,5,6086.57,16
ITEM00757,ORD00099,PROD0480,4,9426.26,54
ITEM00758,ORD00047,PROD0098,1,11515.64,48
ITEM00759,ORD00359,PROD0399,4,6635.75,29
ITEM00760,ORD00246,PROD0401,2,4540.72,54
ITEM00761,ORD00138,PROD0290,1,4953.98,44
ITEM00762,ORD00459,PROD0184,4,3598.83,5
ITEM00763,ORD00382,PROD0049,1,7805.43,36
ITEM00764,ORD00311,PROD0010,4,1163.39,23
ITEM00765,ORD00187,PROD0466,3,8033.21,14
ITEM00766,ORD00350,PROD0120,1,1576.04,16
ITEM00767,ORD00415,PROD0162,3,4667.08,99
ITEM00768,ORD00191,PROD0358,5,3027.46,35
ITEM00769,ORD00045,PROD0329,2,3078.87,16
ITEM00770,ORD00301,PROD0114,5,9988.4,83
ITEM00771,ORD00229,PROD0318,2,4715.85,9
ITEM00772,ORD00155,PROD0174,5,6882.7,97
ITEM00773,ORD00079,PROD0309,2,5676.71,24
ITEM00774,ORD00130,PROD0261,4,8976.89,97
ITEM00775,ORD00459,PROD0012,5,2648.46,80
ITEM00776,ORD00035,PROD0200,1,5703.87,67
ITEM00777,ORD00086,PROD0155,5,943.42,89
ITEM00778,ORD00490,PROD0063,2,2211.76,88
ITEM00779,ORD00204,PROD0224,2,9018.12,68
ITEM00780,ORD00085,PROD0256,5,4269.03,65
ITEM00781,ORD00200,PROD0167,4,6218.3,34
ITEM00782,ORD00082,PROD0345,2,6336.97,75
ITEM00783,ORD00405,PROD0170,1,3337.77,64
ITEM00784,ORD00437,PROD0300,5,3144.65,90
ITEM00785,ORD00088,PROD0426,3,5482.51,68
ITEM00786,ORD00328,PROD0354,2,4759.82,35
ITEM00787,ORD00405,PROD0368,2,997.68,31
ITEM00788,ORD00001,PROD0404,2,2496.51,80
ITEM00789,ORD00167,PROD0062,5,3979.62,90
ITEM00790,ORD00069,PROD0191,5,5240.72,78
ITEM00791,ORD00030,PROD0004,3,7049.33,1
ITEM00792,ORD00495,PROD0311,3,2565.82,32
ITEM00793,ORD00445,PROD0408,1,1861.61,99
ITEM00794,ORD00382,PROD0259,5,9185.25,83
ITEM00795,ORD00325,PROD0247,3,5995.63,26
ITEM00796,ORD00138,PROD0474,4,1213.52,80
ITEM00797,ORD00119,PROD0194,4,6130.18,55
ITEM00798,ORD00246,PROD0267,3,4687.23,23
ITEM00799,ORD00442,PROD0026,4,5387.35,72
ITEM00800,ORD00093,PROD0394,4,5059.99,2
ITEM00801,ORD00091,PROD0226,3,8607.41,87
ITEM00802,ORD00074,PROD0268,5,2679.31,31
ITEM00803,ORD00497,PROD0184,4,4914.88,92
ITEM00804,ORD00385,PROD0170,5,4023.97,77
ITEM00805,ORD00011,PROD0470,1,5592.24,1
ITEM00806,ORD00395,PROD0189,1,3320.25,18
ITEM00807,ORD00495,PROD0377,-5,4584.1,13
ITEM00808,ORD00174,PROD0311,5,3788.24,10
ITEM00809,ORD00389,PROD0438,2,527.9,56
ITEM00810,ORD00246,PROD0432,2,341.6,7
ITEM00811,ORD00322,PROD0400,5,6973.44,2
ITEM00812,ORD00152,PROD0037,1,2533.26,53
ITEM00813,ORD00115,PROD0037,-2,2339.21,54
ITEM00814,ORD00336,PROD0330,4,1201.54,87
ITEM00815,ORD00367,PROD0372,4,9078.07,14
ITEM00816,ORD00057,PROD0271,4,6554.82,36
ITEM00817,ORD00171,PROD0006,3,1755.37,10
ITEM00818,ORD00092,PROD0311,1,2883.54,42
ITEM00819,ORD00218,PROD0343,5,5545.61,85
ITEM00820,ORD00147,PROD0072,3,568.33,13
ITEM00821,ORD00339,PROD0064,3,3049.86,33
ITEM00822,ORD00442,PROD0500,1,1904.24,19
ITEM00823,ORD00200,PROD0154,2,6103.18,100
ITEM00824,ORD00058,PROD0335,4,6246.21,93
ITEM00825,ORD00166,PROD0424,3,11499.97,23
ITEM00826,ORD00254,PROD0059,4,6513.83,88
ITEM00827,ORD00326,PROD0144,4,3365.2,83
ITEM00828,ORD00282,PROD0431,2,6967.5,68
ITEM00829,ORD00421,PROD0040,4,1939.13,10
ITEM00830,ORD00270,PROD0474,5,1616.19,88
ITEM00831,ORD00121,PROD0243,2,7865.26,26
ITEM00832,ORD00243,PROD0041,1,2726.24,14
ITEM00833,ORD00185,PROD0444,1,2968.27,99
ITEM00834,ORD00074,PROD0254,2,262.37,70
ITEM00835,ORD00424,PROD0411,4,2448.42,95
ITEM00836,ORD00357,PROD0019,2,1573.5,48
ITEM00837,ORD00218,PROD0131,1,2570.62,89
ITEM00838,ORD00038,PROD0495,1,5193.36,76
ITEM00839,ORD00188,PROD0326,2,1287.58,31
ITEM00840,ORD00426,PROD0355,-1,6331.75,19
ITEM00841,ORD00072,PROD0370,2,10477.64,89
ITEM00842,ORD00370,PROD0049,3,7903.87,100
ITEM00843,ORD00080,PROD0331,1,4011.57,82
ITEM00844,ORD00089,PROD0146,1,4903.56,1
ITEM00845,ORD00349,PROD0371,4,5197.71,58
ITEM00846,ORD00133,PROD0265,5,5159.28,64
ITEM00847,ORD00217,PROD0177,3,6899.3,34
ITEM00848,ORD00487,PROD0139,1,3192.24,27
ITEM00849,ORD00113,PROD0092,4,792.63,95
ITEM00850,ORD00040,PROD0491,5,10390.36,59
ITEM00851,ORD00329,PROD0467,4,3321.98,48
ITEM00852,ORD00191,PROD0022,2,9645.13,24
ITEM00853,ORD00040,PROD0059,3,6218.19,99
ITEM00854,ORD00145,PROD0100,-3,503.36,13
ITEM00855,ORD00006,PROD0035,1,3211.31,39
ITEM00856,ORD00327,PROD0133,2,6226.77,30
ITEM00857,ORD00292,PROD0472,3,3820.83,72
ITEM00858,ORD00162,PROD0319,4,663.22,39
ITEM00859,ORD00385,PROD0295,1,4319.73,50
ITEM00860,ORD00385,PROD0352,5,987.73,45
ITEM00861,ORD00050,PROD0299,2,7625.43,94
ITEM00862,ORD00414,PROD0170,5,3947.41,3
ITEM00863,ORD00245,PROD0012,5,3101.16,4
ITEM00864,ORD00350,PROD0021,3,8246.29,80
ITEM00865,ORD00119,PROD0477,1,9237.68,87
ITEM00866,ORD00083,PROD0031,2,6263.14,64
ITEM00867,ORD00312,PROD0140,5,624.97,98
ITEM00868,ORD00068,PROD0239,3,2057.55,46
ITEM00869,ORD00221,PROD0258,5,2471.67,91
ITEM00870,ORD00313,PROD0077,4,2257.55,19
ITEM00871,ORD00255,PROD0298,5,192.08,1
ITEM00872,ORD00159,PROD0131,2,2918.96,100
ITEM00873,ORD00233,PROD0464,1,4540.8,37
ITEM00874,ORD00296,PROD0303,2,2357.8,11
ITEM00875,ORD00396,PROD0315,1,7572.75,60
ITEM00876,ORD00227,PROD0206,3,2631.91,17
ITEM00877,ORD00250,PROD0430,1,4926.59,36
ITEM00878,ORD00318,PROD0359,4,8488.82,16
ITEM00879,ORD00433,PROD0486,4,3668.4,40
ITEM00880,ORD00212,PROD0495,3,5301.37,33
ITEM00881,ORD00330,PROD0478,1,3153.5,31
ITEM00882,ORD00437,PROD0203,-5,3957.37,48
ITEM00883,ORD00438,PROD0035,2,1904.41,49
ITEM00884,ORD00179,PROD0359,4,6407.17,82
ITEM00885,ORD00239,PROD0145,5,1362.52,23
ITEM00886,ORD00473,PROD0301,1,2582.23,55
ITEM00887,ORD00034,PROD0228,2,5874.68,77
ITEM00888,ORD00380,PROD0077,4,2064.75,35
ITEM00889,ORD00080,PROD0418,4,7019.62,18
ITEM00890,ORD00017,PROD0024,2,2994.67,99
ITEM00891,ORD00414,PROD0203,4,4943.26,55
ITEM00892,ORD00109,PROD0165,4,5869.29,97
ITEM00893,ORD00326,PROD0425,4,4584.09,18
ITEM00894,ORD00042,PROD0045,1,2009.98,91
ITEM00895,ORD00269,PROD0220,4,2111.88,33
ITEM00896,ORD00048,PROD0242,2,2086.0,54
ITEM00897,ORD00153,PROD0433,3,1963.12,44
ITEM00898,ORD00275,PROD0299,4,9798.74,20
ITEM00899,ORD00355,PROD0047,4,7595.35,1
ITEM00900,ORD00306,PROD0158,5,5176.05,92
ITEM00901,ORD00166,PROD0016,5,3768.32,93
ITEM00902,ORD00460,PROD0051,-3,4083.72,18
ITEM00903,ORD00059,PROD0441,4,10945.06,86
ITEM00904,ORD00370,PROD0313,4,3449.77,57
ITEM00905,ORD00328,PROD0479,2,560.23,12
ITEM00906,ORD00097,PROD0045,1,2210.48,69
ITEM00907,ORD00111,PROD0065,2,4813.91,24
ITEM00908,ORD00190,PROD0244,5,1703.57,2
ITEM00909,ORD00258,PROD0108,3,1753.09,15
ITEM00910,ORD00234,PROD0304,4,3632.17,45
ITEM00911,ORD00219,PROD0361,3,6366.92,97
ITEM00912,ORD00091,PROD0466,3,8828.9,47
ITEM00913,ORD00084,PROD0261,2,7251.31,48
ITEM00914,ORD00353,PROD0112,3,7557.85,81
ITEM00915,ORD00481,PROD0256,3,5798.02,12
ITEM00916,ORD00054,PROD0424,1,6072.53,2
ITEM00917,ORD00054,PROD0134,5,578.18,96
ITEM00918,ORD00052,PROD0022,5,9564.5,64
ITEM00919,ORD00342,PROD0130,5,4768.5,53
ITEM00920,ORD00233,PROD0174,2,6157.19,14
ITEM00921,ORD00487,PROD0203,2,4031.04,59
ITEM00922,ORD00331,PROD0113,4,8334.35,94
ITEM00923,ORD00192,PROD0218,-4,7979.1,64
ITEM00924,ORD00338,PROD0460,3,5426.17,53
ITEM00925,ORD00466,PROD0405,-2,2723.76,1
ITEM00926,ORD00192,PROD0489,1,236.98,66
ITEM00927,ORD00088,PROD0114,5,9939.98,55
ITEM00928,ORD00201,PROD0394,2,3594.47,82
ITEM00929,ORD00411,PROD0390,4,270.38,54
ITEM00930,ORD00200,PROD0131,2,3773.12,22
ITEM00931,ORD00265,PROD0468,4,657.21,29
ITEM00932,ORD00065,PROD0374,1,1214.87,80
ITEM00933,ORD00432,PROD0083,5,3705.47,33
ITEM00934,ORD00166,PROD0297,5,6194.25,11
ITEM00935,ORD00322,PROD0489,1,227.48,19
ITEM00936,ORD00279,PROD0309,1,10824.4,10
ITEM00937,ORD00381,PROD0100,5,768.24,58
ITEM00938,ORD00335,PROD0096,3,6052.43,38
ITEM00939,ORD00126,PROD0081,2,1032.5,100
ITEM00940,ORD00338,PROD0058,4,3071.76,10
ITEM00941,ORD00327,PROD0481,2,9567.59,13
ITEM00942,ORD00306,PROD0176,1,4003.93,18
ITEM00943,ORD00093,PROD0260,3,2675.54,63
ITEM00944,ORD00107,PROD0495,3,4874.22,62
ITEM00945,ORD00250,PROD0091,1,3875.58,9
ITEM00946,ORD00193,PROD0118,2,4522.23,81
ITEM00947,ORD00093,PROD0412,4,814.55,22
ITEM00948,ORD00438,PROD0288,5,4516.61,43
ITEM00949,ORD00315,PROD0117,3,7971.78,0
ITEM00950,ORD00131,PROD0376,2,5440.79,24
ITEM00951,ORD00012,PROD0233,-5,4483.59,97
ITEM00952,ORD00187,PROD0422,2,3447.46,27
ITEM00953,ORD00113,PROD0056,1,2687.32,88
ITEM00954,ORD00247,PROD0058,2,3536.51,11
ITEM00955,ORD00334,PROD0277,3,4519.46,95
ITEM00956,ORD00485,PROD0088,4,1634.19,24
ITEM00957,ORD00352,PROD0190,3,11123.81,91
ITEM00958,ORD00053,PROD0135,3,351.77,98
ITEM00959,ORD00407,PROD0475,5,6494.96,92
ITEM00960,ORD00229,PROD0256,4,4225.08,95
ITEM00961,ORD00319,PROD0500,3,1057.32,49
ITEM00962,ORD00181,PROD0382,4,4566.39,80
ITEM00963,ORD00456,PROD0253,1,2002.7,65
ITEM00964,ORD00151,PROD0068,3,5706.95,82
ITEM00965,ORD00016,PROD0108,5,1044.26,41
ITEM00966,ORD00184,PROD0063,4,1735.24,27
ITEM00967,ORD00400,PROD0240,3,5859.4,1
ITEM00968,ORD00368,PROD0095,3,4721.66,59
ITEM00969,ORD00461,PROD0220,5,2146.32,8
ITEM00970,ORD00109,PROD0114,4,7659.15,13
ITEM00971,ORD00312,PROD0226,5,9244.2,85
ITEM00972,ORD00331,PROD0296,1,811.58,96
ITEM00973,ORD00164,PROD0139,4,3414.61,6
ITEM00974,ORD00141,PROD0370,4,8428.3,15
ITEM00975,ORD00168,PROD0309,4,8890.32,30
ITEM00976,ORD00010,PROD0136,-5,6761.68,73
ITEM00977,ORD00146,PROD0025,1,1912.84,51
ITEM00978,ORD00471,PROD0409,1,989.59,43
ITEM00979,ORD00049,PROD0127,1,9551.2,53
ITEM00980,ORD00386,PROD0286,3,5408.5,10
ITEM00981,ORD00253,PROD0187,5,9024.63,50
ITEM00982,ORD00233,PROD0130,3,5568.24,82
ITEM00983,ORD00481,PROD0218,1,7210.71,3
ITEM00984,ORD00006,PROD0297,2,5836.79,41
ITEM00985,ORD00046,PROD0253,4,2332.14,47
ITEM00986,ORD00479,PROD0326,5,1949.26,6
ITEM00987,ORD00023,PROD0084,3,1736.84,38
ITEM00988,ORD00353,PROD0096,1,5104.65,48
ITEM00989,ORD00474,PROD0307,3,696.66,58
ITEM00990,ORD00442,PROD0315,1,5861.33,74
ITEM00991,ORD00343,PROD0467,4,2614.84,67
ITEM00992,ORD00339,PROD0232,2,5956.78,35
ITEM00993,ORD00248,PROD0467,3,2873.6,33
ITEM00994,ORD00181,PROD0332,3,7888.85,31
ITEM00995,ORD00039,PROD0488,2,924.28,7
ITEM00996,ORD00111,PROD0365,-2,1803.03,49
ITEM00997,ORD00175,PROD0347,2,3828.67,75
ITEM00998,ORD00161,PROD0036,5,10412.91,39
ITEM00999,ORD00435,PROD0216,4,3638.42,16
ITEM01000,ORD00198,PROD0253,2,3972.88,79
ITEM01001,ORD00205,PROD0049,5,6967.1,35
ITEM01002,ORD00158,PROD0335,4,7801.19,73
ITEM01003,ORD00449,PROD0050,1,2931.44,14
ITEM01004,ORD00236,PROD0387,-2,4583.81,3
ITEM01005,ORD00232,PROD0135,4,297.68,15
ITEM01006,ORD00221,PROD0500,5,1164.54,50
ITEM01007,ORD00171,PROD0487,5,5166.49,34
ITEM01008,ORD00333,PROD0253,3,2732.67,54
ITEM01009,ORD00207,PROD0098,2,7085.05,35
ITEM01010,ORD00266,PROD0077,5,2001.81,87
ITEM01011,ORD00491,PROD0425,1,4312.91,14
ITEM01012,ORD00295,PROD0490,1,1498.96,8
ITEM01013,ORD00116,PROD0179,5,583.09,89
ITEM01014,ORD00052,PROD0128,4,1878.77,88
ITEM01015,ORD00088,PROD0183,3,8041.59,44
ITEM01016,ORD00148,PROD0041,3,2401.91,12
ITEM01017,ORD00359,PROD0038,2,2069.14,94
ITEM01018,ORD00353,PROD0095,3,4381.29,40
ITEM01019,ORD00171,PROD0094,1,6673.8,18
ITEM01020,ORD00220,PROD0336,1,6701.85,22
ITEM01021,ORD00088,PROD0006,3,2700.71,1
ITEM01022,ORD00243,PROD0092,5,907.64,62
ITEM01023,ORD00024,PROD0097,2,4037.45,72
ITEM01024,ORD00269,PROD0389,3,8155.88,96
ITEM01025,ORD00052,PROD0401,2,5662.74,94
ITEM01026,ORD00377,PROD0021,3,7578.08,69
ITEM01027,ORD00130,PROD0469,3,3803.72,1
ITEM01028,ORD00171,PROD0335,3,7550.99,99
ITEM01029,ORD00139,PROD0353,5,7493.54,93
ITEM01030,ORD00211,PROD0186,1,4585.42,84
ITEM01031,ORD00016,PROD0013,2,2821.21,94
ITEM01032,ORD00382,PROD0192,4,5594.74,48
ITEM01033,ORD00450,PROD0243,1,9488.66,69
ITEM01034,ORD00449,PROD0425,4,6047.09,33
ITEM01035,ORD00201,PROD0265,3,4235.08,35
ITEM01036,ORD00297,PROD0024,3,2261.66,43
ITEM01037,ORD00408,PROD0111,5,6948.26,44
ITEM01038,ORD00005,PROD0335,3,5917.79,87
ITEM01039,ORD00077,PROD0325,2,7366.26,37
ITEM01040,ORD00084,PROD0184,5,4548.34,36
ITEM01041,ORD00008,PROD0176,1,5271.9,27
ITEM01042,ORD00064,PROD0301,3,1909.78,39
ITEM01043,ORD00339,PROD0290,1,6765.68,6
ITEM01044,ORD00450,PROD0185,3,2212.18,64
ITEM01045,ORD00045,PROD0459,5,1462.59,18
ITEM01046,ORD00471,PROD0158,2,4632.24,28
ITEM01047,ORD00182,PROD0097,1,2715.9,86
ITEM01048,ORD00496,PROD0272,4,947.05,33
ITEM01049,ORD00089,PROD0191,3,5853.06,86
ITEM01050,ORD00072,PROD0235,3,3227.75,25
ITEM01051,ORD00284,PROD0437,3,3519.51,39
ITEM01052,ORD00475,PROD0214,1,7022.91,69
ITEM01053,ORD00449,PROD0354,2,7806.69,12
ITEM01054,ORD00356,PROD0225,2,7096.23,87
ITEM01055,ORD00219,PROD0007,3,7889.26,52
ITEM01056,ORD00287,PROD0091,-4,1954.99,98
ITEM01057,ORD00072,PROD0429,4,311.2,38
ITEM01058,ORD00192,PROD0191,2,4134.39,69
ITEM01059,ORD00028,PROD0451,5,8214.36,50
ITEM01060,ORD00004,PROD0280,2,5520.89,97
ITEM01061,ORD00028,PROD0455,5,1876.76,34
ITEM01062,ORD00050,PROD0128,1,2868.41,72
ITEM01063,ORD00443,PROD0094,4,3602.21,94
ITEM01064,ORD00379,PROD0114,5,8660.89,89
ITEM01065,ORD00288,PROD0087,2,3918.41,63
ITEM01066,ORD00346,PROD0499,2,8254.57,19
ITEM01067,ORD00369,PROD0187,3,11239.58,0
ITEM01068,ORD00103,PROD0421,4,6406.34,0
ITEM01069,ORD00062,PROD0479,2,427.13,31
ITEM01070,ORD00013,PROD0161,2,11049.91,56
ITEM01071,ORD00063,PROD0111,4,6166.24,61
ITEM01072,ORD00431,PROD0206,2,2962.18,33
ITEM01073,ORD00440,PROD0387,5,6529.18,15
ITEM01074,ORD00012,PROD0002,4,1800.85,95
ITEM01075,ORD00380,PROD0350,2,1098.4,25
ITEM01076,ORD00149,PROD0166,4,10166.86,75
ITEM01077,ORD00141,PROD0097,4,3046.08,89
ITEM01078,ORD00417,PROD0239,1,2197.45,3
ITEM01079,ORD00289,PROD0290,3,5053.53,74
ITEM01080,ORD00334,PROD0202,3,428.6,79
ITEM01081,ORD00465,PROD0132,4,3556.81,17
ITEM01082,ORD00235,PROD0203,4,4617.75,20
ITEM01083,ORD00441,PROD0036,3,8821.61,44
ITEM01084,ORD00033,PROD0353,5,5112.13,19
ITEM01085,ORD00289,PROD0432,3,400.18,91
ITEM01086,ORD00391,PROD0027,2,9678.37,50
ITEM01087,ORD00331,PROD0082,1,6541.02,60
ITEM01088,ORD00295,PROD0018,5,6929.62,64
ITEM01089,ORD00358,PROD0169,5,5265.11,74
ITEM01090,ORD00425,PROD0403,3,7078.72,5
ITEM01091,ORD00082,PROD0286,1,4922.08,85
ITEM01092,ORD00348,PROD0338,1,4297.18,97
ITEM01093,ORD00414,PROD0073,2,5209.96,30
ITEM01094,ORD00090,PROD0255,1,885.31,49
ITEM01095,ORD00032,PROD0232,4,6470.19,14
ITEM01096,ORD00038,PROD0497,1,2737.49,47
ITEM01097,ORD00016,PROD0409,5,1259.77,41
ITEM01098,ORD00194,PROD0437,1,3311.63,81
ITEM01099,ORD00101,PROD0008,5,1224.55,56
ITEM01100,ORD00380,PROD0491,3,6481.4,67
ITEM01101,ORD00013,PROD0043,2,1632.38,85
ITEM01102,ORD00415,PROD0101,1,3918.69,0
ITEM01103,ORD00291,PROD0351,3,4453.75,9
ITEM01104,ORD00374,PROD0486,3,4457.94,93
ITEM01105,ORD00427,PROD0440,5,4262.96,60
ITEM01106,ORD00317,PROD0130,5,7165.97,17
ITEM01107,ORD00321,PROD0101,1,4786.53,9
ITEM01108,ORD00401,PROD0122,5,3993.86,12
ITEM01109,ORD00027,PROD0267,1,7028.14,42
ITEM01110,ORD00482,PROD0192,1,6703.48,32
ITEM01111,ORD00035,PROD0151,4,4879.43,20
ITEM01112,ORD00295,PROD0211,3,2690.66,66
ITEM01113,ORD00205,PROD0192,5,8520.3,69
ITEM01114,ORD00480,PROD0106,1,452.99,33
ITEM01115,ORD00216,PROD0119,1,5909.19,42
ITEM01116,ORD00281,PROD0491,1,10391.57,42
ITEM01117,ORD00038,PROD0444,1,2896.08,72
ITEM01118,ORD00392,PROD0384,5,4762.28,44
ITEM01119,ORD00307,PROD0219,1,8129.88,10
ITEM01120,ORD00067,PROD0051,5,3527.64,5
ITEM01121,ORD00260,PROD0175,1,4643.71,44
ITEM01122,ORD00401,PROD0494,4,11079.65,29
ITEM01123,ORD00014,PROD0005,1,827.09,25
ITEM01124,ORD00195,PROD0379,5,1408.8,94
ITEM01125,ORD00027,PROD0092,1,789.51,48
ITEM01126,ORD00219,PROD0257,2,6209.33,14
ITEM01127,ORD00316,PROD0330,4,1892.41,47
ITEM01128,ORD00224,PROD0341,3,2047.15,30
ITEM01129,ORD00006,PROD0299,2,6992.05,95
ITEM01130,ORD00411,PROD0169,5,3959.85,92
ITEM01131,ORD00040,PROD0330,2,972.94,56
ITEM01132,ORD00161,PROD0245,2,5076.41,83
ITEM01133,ORD00067,PROD0474,2,1646.61,61
ITEM01134,ORD00040,PROD0232,1,4945.54,69
ITEM01135,ORD00377,PROD0494,2,10852.11,28
ITEM01136,ORD00483,PROD0046,4,6262.67,70
ITEM01137,ORD00126,PROD0128,3,2383.34,34
ITEM01138,ORD00258,PROD0201,3,3469.59,44
ITEM01139,ORD00319,PROD0366,4,1420.86,10
ITEM01140,ORD00431,PROD0500,2,1948.19,29
ITEM01141,ORD00108,PROD0478,3,3364.85,92
ITEM01142,ORD00121,PROD0095,2,6115.11,83
ITEM01143,ORD00011,PROD0273,4,609.53,4
ITEM01144,ORD00197,PROD0491,3,7307.56,10
ITEM01145,ORD00313,PROD0479,1,386.91,2
ITEM01146,ORD00023,PROD0451,4,5616.13,48
ITEM01147,ORD00273,PROD0317,2,2337.4,39
ITEM01148,ORD00179,PROD0238,1,5899.74,77
ITEM01149,ORD00465,PROD0137,3,2710.95,96
ITEM01150,ORD00015,PROD0201,5,4268.45,79
ITEM01151,ORD00401,PROD0214,4,7479.7,94
ITEM01152,ORD00284,PROD0359,1,6048.44,92
ITEM01153,ORD00481,PROD0174,3,6086.93,54
ITEM01154,ORD00394,PROD0456,5,1188.43,20
ITEM01155,ORD00474,PROD0407,4,1365.02,1
ITEM01156,ORD00487,PROD0432,3,379.6,31
ITEM01157,ORD00293,PROD0004,5,5996.48,78
ITEM01158,ORD00338,PROD0268,3,3159.81,83
ITEM01159,ORD00158,PROD0499,-5,7878.34,41
ITEM01160,ORD00228,PROD0329,3,2356.94,56
ITEM01161,ORD00495,PROD0040,1,2155.4,81
ITEM01162,ORD00030,PROD0229,5,8212.78,10
ITEM01163,ORD00283,PROD0238,3,3923.34,8
ITEM01164,ORD00393,PROD0415,4,8759.06,33
ITEM01165,ORD00323,PROD0435,4,1926.34,79
ITEM01166,ORD00336,PROD0242,1,1103.31,87
ITEM01167,ORD00297,PROD0276,5,2537.5,70
ITEM01168,ORD00366,PROD0429,2,387.43,32
ITEM01169,ORD00440,PROD0335,1,7376.35,69
ITEM01170,ORD00180,PROD0311,1,2202.04,64
ITEM01171,ORD00040,PROD0211,4,2680.45,41
ITEM01172,ORD00422,PROD0484,5,10340.19,9
ITEM01173,ORD00074,PROD0113,4,4855.25,77
ITEM01174,ORD00209,PROD0161,3,11456.88,47
ITEM01175,ORD00151,PROD0314,4,7481.13,20
ITEM01176,ORD00477,PROD0129,3,4507.32,75
ITEM01177,ORD00109,PROD0316,1,3824.07,65
ITEM01178,ORD00365,PROD0299,5,7702.84,27
ITEM01179,ORD00017,PROD0061,4,8998.69,19
ITEM01180,ORD00333,PROD0411,4,2136.64,9
ITEM01181,ORD00295,PROD0089,2,5091.31,93
ITEM01182,ORD00063,PROD0371,4,4918.16,67
ITEM01183,ORD00338,PROD0207,1,1584.48,56
ITEM01184,ORD00429,PROD0007,3,8506.33,31
ITEM01185,ORD00394,PROD0130,3,7471.5,29
ITEM01186,ORD00498,PROD0342,4,3305.24,30
ITEM01187,ORD00451,PROD0153,4,3283.87,10
ITEM01188,ORD00040,PROD0296,3,1109.03,83
ITEM01189,ORD00230,PROD0265,4,4787.23,29
ITEM01190,ORD00065,PROD0234,5,8850.59,31
ITEM01191,ORD00341,PROD0167,4,4984.39,33
ITEM01192,ORD00061,PROD0088,3,1240.86,53
ITEM01193,ORD00295,PROD0374,5,1206.31,98
ITEM01194,ORD00449,PROD0156,2,5877.25,21
ITEM01195,ORD00392,PROD0121,1,2282.07,60
ITEM01196,ORD00018,PROD0162,1,6383.8,3
ITEM01197,ORD00068,PROD0361,2,6330.5,67
ITEM01198,ORD00182,PROD0178,4,3996.25,89
ITEM01199,ORD00151,PROD0336,5,5555.54,43
ITEM01200,ORD00056,PROD0339,5,10401.38,5
